HOSPI_CODE_UCD,YEAR,MONTH,QUANTITY,N_UFS,N_ETB,POPULATION,P_MEDICAL,PN_MEDICAL,LIT_HC,LIT_HP,SEJ_MCO,SEJ_HAD,SEJ_PSY,SEJ_SSR,SEJ_SLD
3400890837149,2017.0,3.0,2640.0,1.0,5.0,539067.0,714.0,5001.0,1157.0,187.0,75420.0,0.0,1236.0,261.0,0.0
3400893826706,2017.0,3.0,1854.5,2.0,5.0,539067.0,714.0,5001.0,1157.0,187.0,75420.0,0.0,1236.0,261.0,0.0
3400891996128,2017.0,3.0,64535.0,5.0,5.0,539067.0,714.0,5001.0,1157.0,187.0,75420.0,0.0,1236.0,261.0,0.0
3400892052120,2017.0,3.0,1615.0,1.0,5.0,539067.0,714.0,5001.0,1157.0,187.0,75420.0,0.0,1236.0,261.0,0.0
3400891225037,2017.0,3.0,14615.0,2.0,5.0,539067.0,714.0,5001.0,1157.0,187.0,75420.0,0.0,1236.0,261.0,0.0
3400892065366,2017.0,3.0,5677.0,2.0,5.0,539067.0,714.0,5001.0,1157.0,187.0,75420.0,0.0,1236.0,261.0,0.0
3400893875490,2017.0,3.0,8537.5,1.5,5.0,539067.0,714.0,5001.0,1157.0,187.0,75420.0,0.0,1236.0,261.0,0.0
3400893022634,2017.0,3.0,5096.0,2.5,5.0,539067.0,714.0,5001.0,1157.0,187.0,75420.0,0.0,1236.0,261.0,0.0
3400892075761,2017.0,3.0,2105.0,3.0,5.0,539067.0,714.0,5001.0,1157.0,187.0,75420.0,0.0,1236.0,261.0,0.0
3400892088310,2017.0,3.0,2683.5,2.0,5.0,539067.0,714.0,5001.0,1157.0,187.0,75420.0,0.0,1236.0,261.0,0.0
3400891191226,2017.0,3.0,2620.0,1.0,5.0,539067.0,714.0,5001.0,1157.0,187.0,75420.0,0.0,1236.0,261.0,0.0
3400892761695,2017.0,3.0,15450.0,1.0,5.0,539067.0,714.0,5001.0,1157.0,187.0,75420.0,0.0,1236.0,261.0,0.0
3400892203645,2017.0,3.0,3330.0,2.0,5.0,539067.0,714.0,5001.0,1157.0,187.0,75420.0,0.0,1236.0,261.0,0.0
3400892761527,2017.0,3.0,11995.0,1.0,5.0,539067.0,714.0,5001.0,1157.0,187.0,75420.0,0.0,1236.0,261.0,0.0
3400892669236,2017.0,3.0,8126.0,2.0,5.0,539067.0,714.0,5001.0,1157.0,187.0,75420.0,0.0,1236.0,261.0,0.0
3400891235203,2017.0,3.0,1320.0,1.0,5.0,539067.0,714.0,5001.0,1157.0,187.0,75420.0,0.0,1236.0,261.0,0.0
3400892697789,2017.0,3.0,690.0,1.0,5.0,539067.0,714.0,5001.0,1157.0,187.0,75420.0,0.0,1236.0,261.0,0.0
3400892745848,2017.0,3.0,3700.0,1.0,5.0,539067.0,714.0,5001.0,1157.0,187.0,75420.0,0.0,1236.0,261.0,0.0
3400892745848,2017.0,4.0,3490.0,8.0,5.0,539067.0,714.0,5001.0,1157.0,187.0,75420.0,0.0,1236.0,261.0,0.0
3400892697789,2017.0,4.0,600.0,2.0,5.0,539067.0,714.0,5001.0,1157.0,187.0,75420.0,0.0,1236.0,261.0,0.0
3400892088310,2017.0,4.0,3096.0,7.0,5.0,539067.0,714.0,5001.0,1157.0,187.0,75420.0,0.0,1236.0,261.0,0.0
3400891225037,2017.0,4.0,13320.0,12.5,5.0,539067.0,714.0,5001.0,1157.0,187.0,75420.0,0.0,1236.0,261.0,0.0
3400893875490,2017.0,4.0,9082.0,14.5,5.0,539067.0,714.0,5001.0,1157.0,187.0,75420.0,0.0,1236.0,261.0,0.0
3400892075761,2017.0,4.0,2550.0,6.5,5.0,539067.0,714.0,5001.0,1157.0,187.0,75420.0,0.0,1236.0,261.0,0.0
3400891191226,2017.0,4.0,2600.0,8.0,5.0,539067.0,714.0,5001.0,1157.0,187.0,75420.0,0.0,1236.0,261.0,0.0
3400892761695,2017.0,4.0,14850.0,15.0,5.0,539067.0,714.0,5001.0,1157.0,187.0,75420.0,0.0,1236.0,261.0,0.0
3400892203645,2017.0,4.0,3250.0,6.0,5.0,539067.0,714.0,5001.0,1157.0,187.0,75420.0,0.0,1236.0,261.0,0.0
3400893022634,2017.0,4.0,4527.0,9.0,5.0,539067.0,714.0,5001.0,1157.0,187.0,75420.0,0.0,1236.0,261.0,0.0
3400891235203,2017.0,4.0,1463.0,5.0,5.0,539067.0,714.0,5001.0,1157.0,187.0,75420.0,0.0,1236.0,261.0,0.0
3400892052120,2017.0,4.0,1390.0,3.5,5.0,539067.0,714.0,5001.0,1157.0,187.0,75420.0,0.0,1236.0,261.0,0.0
3400892729589,2017.0,4.0,4590.0,8.0,5.0,539067.0,714.0,5001.0,1157.0,187.0,75420.0,0.0,1236.0,261.0,0.0
3400892065366,2017.0,4.0,4748.0,9.0,5.0,539067.0,714.0,5001.0,1157.0,187.0,75420.0,0.0,1236.0,261.0,0.0
3400892761527,2017.0,4.0,10840.0,13.0,5.0,539067.0,714.0,5001.0,1157.0,187.0,75420.0,0.0,1236.0,261.0,0.0
3400893826706,2017.0,4.0,1563.0,5.5,5.0,539067.0,714.0,5001.0,1157.0,187.0,75420.0,0.0,1236.0,261.0,0.0
3400890837149,2017.0,4.0,1860.0,5.0,5.0,539067.0,714.0,5001.0,1157.0,187.0,75420.0,0.0,1236.0,261.0,0.0
3400892669236,2017.0,4.0,7494.0,15.0,5.0,539067.0,714.0,5001.0,1157.0,187.0,75420.0,0.0,1236.0,261.0,0.0
3400891996128,2017.0,4.0,62390.0,26.5,5.0,539067.0,714.0,5001.0,1157.0,187.0,75420.0,0.0,1236.0,261.0,0.0
3400891996128,2017.0,5.0,67046.0,28.0,5.0,539067.0,714.0,5001.0,1157.0,187.0,75420.0,0.0,1236.0,261.0,0.0
3400893826706,2017.0,5.0,1279.0,3.5,5.0,539067.0,714.0,5001.0,1157.0,187.0,75420.0,0.0,1236.0,261.0,0.0
3400890837149,2017.0,5.0,2260.0,4.5,5.0,539067.0,714.0,5001.0,1157.0,187.0,75420.0,0.0,1236.0,261.0,0.0
3400892697789,2017.0,5.0,850.0,2.0,5.0,539067.0,714.0,5001.0,1157.0,187.0,75420.0,0.0,1236.0,261.0,0.0
3400892075761,2017.0,5.0,2360.0,5.0,5.0,539067.0,714.0,5001.0,1157.0,187.0,75420.0,0.0,1236.0,261.0,0.0
3400892065366,2017.0,5.0,5665.0,7.0,5.0,539067.0,714.0,5001.0,1157.0,187.0,75420.0,0.0,1236.0,261.0,0.0
3400893022634,2017.0,5.0,5678.0,8.5,5.0,539067.0,714.0,5001.0,1157.0,187.0,75420.0,0.0,1236.0,261.0,0.0
3400891225037,2017.0,5.0,14468.0,9.0,5.0,539067.0,714.0,5001.0,1157.0,187.0,75420.0,0.0,1236.0,261.0,0.0
3400893875490,2017.0,5.0,9520.0,11.5,5.0,539067.0,714.0,5001.0,1157.0,187.0,75420.0,0.0,1236.0,261.0,0.0
3400892729589,2017.0,5.0,4690.0,7.0,5.0,539067.0,714.0,5001.0,1157.0,187.0,75420.0,0.0,1236.0,261.0,0.0
3400892088310,2017.0,5.0,2683.5,8.0,5.0,539067.0,714.0,5001.0,1157.0,187.0,75420.0,0.0,1236.0,261.0,0.0
3400891191226,2017.0,5.0,2620.0,6.0,5.0,539067.0,714.0,5001.0,1157.0,187.0,75420.0,0.0,1236.0,261.0,0.0
3400892761695,2017.0,5.0,15470.0,15.0,5.0,539067.0,714.0,5001.0,1157.0,187.0,75420.0,0.0,1236.0,261.0,0.0
3400892203645,2017.0,5.0,2905.0,6.0,5.0,539067.0,714.0,5001.0,1157.0,187.0,75420.0,0.0,1236.0,261.0,0.0
3400892052120,2017.0,5.0,1860.0,4.0,5.0,539067.0,714.0,5001.0,1157.0,187.0,75420.0,0.0,1236.0,261.0,0.0
3400891235203,2017.0,5.0,1770.0,5.0,5.0,539067.0,714.0,5001.0,1157.0,187.0,75420.0,0.0,1236.0,261.0,0.0
3400892761527,2017.0,5.0,13375.0,10.5,5.0,539067.0,714.0,5001.0,1157.0,187.0,75420.0,0.0,1236.0,261.0,0.0
3400892745848,2017.0,5.0,3920.0,8.0,5.0,539067.0,714.0,5001.0,1157.0,187.0,75420.0,0.0,1236.0,261.0,0.0
3400892669236,2017.0,5.0,8100.0,17.0,5.0,539067.0,714.0,5001.0,1157.0,187.0,75420.0,0.0,1236.0,261.0,0.0
3400891225037,2017.0,6.0,13832.0,8.0,5.0,539067.0,714.0,5001.0,1157.0,187.0,75420.0,0.0,1236.0,261.0,0.0
3400890837149,2017.0,6.0,2470.0,5.5,5.0,539067.0,714.0,5001.0,1157.0,187.0,75420.0,0.0,1236.0,261.0,0.0
3400893736135,2017.0,6.0,4061.0,8.5,5.0,539067.0,714.0,5001.0,1157.0,187.0,75420.0,0.0,1236.0,261.0,0.0
3400892052120,2017.0,6.0,1680.0,3.0,5.0,539067.0,714.0,5001.0,1157.0,187.0,75420.0,0.0,1236.0,261.0,0.0
3400893022634,2017.0,6.0,4691.0,5.0,5.0,539067.0,714.0,5001.0,1157.0,187.0,75420.0,0.0,1236.0,261.0,0.0
3400892075761,2017.0,6.0,2010.0,5.0,5.0,539067.0,714.0,5001.0,1157.0,187.0,75420.0,0.0,1236.0,261.0,0.0
3400892065366,2017.0,6.0,5114.0,5.0,5.0,539067.0,714.0,5001.0,1157.0,187.0,75420.0,0.0,1236.0,261.0,0.0
3400892729589,2017.0,6.0,4060.0,4.0,5.0,539067.0,714.0,5001.0,1157.0,187.0,75420.0,0.0,1236.0,261.0,0.0
3400893826706,2017.0,6.0,1491.0,4.0,5.0,539067.0,714.0,5001.0,1157.0,187.0,75420.0,0.0,1236.0,261.0,0.0
3400892697789,2017.0,6.0,480.0,1.0,5.0,539067.0,714.0,5001.0,1157.0,187.0,75420.0,0.0,1236.0,261.0,0.0
3400892761695,2017.0,6.0,16475.0,13.0,5.0,539067.0,714.0,5001.0,1157.0,187.0,75420.0,0.0,1236.0,261.0,0.0
3400892088310,2017.0,6.0,2688.0,4.5,5.0,539067.0,714.0,5001.0,1157.0,187.0,75420.0,0.0,1236.0,261.0,0.0
3400891191226,2017.0,6.0,2530.0,4.5,5.0,539067.0,714.0,5001.0,1157.0,187.0,75420.0,0.0,1236.0,261.0,0.0
3400892203645,2017.0,6.0,3335.0,6.0,5.0,539067.0,714.0,5001.0,1157.0,187.0,75420.0,0.0,1236.0,261.0,0.0
3400891235203,2017.0,6.0,1400.0,4.0,5.0,539067.0,714.0,5001.0,1157.0,187.0,75420.0,0.0,1236.0,261.0,0.0
3400892761527,2017.0,6.0,11735.0,11.0,5.0,539067.0,714.0,5001.0,1157.0,187.0,75420.0,0.0,1236.0,261.0,0.0
3400892745848,2017.0,6.0,3700.0,7.0,5.0,539067.0,714.0,5001.0,1157.0,187.0,75420.0,0.0,1236.0,261.0,0.0
3400892669236,2017.0,6.0,7737.0,10.5,5.0,539067.0,714.0,5001.0,1157.0,187.0,75420.0,0.0,1236.0,261.0,0.0
3400893875490,2017.0,6.0,9263.0,11.5,5.0,539067.0,714.0,5001.0,1157.0,187.0,75420.0,0.0,1236.0,261.0,0.0
3400891996128,2017.0,6.0,62510.0,25.0,5.0,539067.0,714.0,5001.0,1157.0,187.0,75420.0,0.0,1236.0,261.0,0.0
3400893826706,2017.0,7.0,1971.0,5.5,5.0,539067.0,714.0,5001.0,1157.0,187.0,75420.0,0.0,1236.0,261.0,0.0
3400891235203,2017.0,7.0,1030.0,2.0,5.0,539067.0,714.0,5001.0,1157.0,187.0,75420.0,0.0,1236.0,261.0,0.0
3400892669236,2017.0,7.0,7429.0,9.0,5.0,539067.0,714.0,5001.0,1157.0,187.0,75420.0,0.0,1236.0,261.0,0.0
3400893736135,2017.0,7.0,4040.0,6.0,5.0,539067.0,714.0,5001.0,1157.0,187.0,75420.0,0.0,1236.0,261.0,0.0
3400892052120,2017.0,7.0,1870.0,5.0,5.0,539067.0,714.0,5001.0,1157.0,187.0,75420.0,0.0,1236.0,261.0,0.0
3400892697789,2017.0,7.0,540.0,2.0,5.0,539067.0,714.0,5001.0,1157.0,187.0,75420.0,0.0,1236.0,261.0,0.0
3400892065366,2017.0,7.0,4683.0,7.5,5.0,539067.0,714.0,5001.0,1157.0,187.0,75420.0,0.0,1236.0,261.0,0.0
3400893022634,2017.0,7.0,4374.0,10.0,5.0,539067.0,714.0,5001.0,1157.0,187.0,75420.0,0.0,1236.0,261.0,0.0
3400892745848,2017.0,7.0,2520.0,9.0,5.0,539067.0,714.0,5001.0,1157.0,187.0,75420.0,0.0,1236.0,261.0,0.0
3400892761695,2017.0,7.0,15405.0,14.0,5.0,539067.0,714.0,5001.0,1157.0,187.0,75420.0,0.0,1236.0,261.0,0.0
3400892088310,2017.0,7.0,2190.0,9.0,5.0,539067.0,714.0,5001.0,1157.0,187.0,75420.0,0.0,1236.0,261.0,0.0
3400892203645,2017.0,7.0,2485.0,5.5,5.0,539067.0,714.0,5001.0,1157.0,187.0,75420.0,0.0,1236.0,261.0,0.0
3400892761527,2017.0,7.0,12445.0,12.0,5.0,539067.0,714.0,5001.0,1157.0,187.0,75420.0,0.0,1236.0,261.0,0.0
3400891996128,2017.0,7.0,61410.0,29.0,5.0,539067.0,714.0,5001.0,1157.0,187.0,75420.0,0.0,1236.0,261.0,0.0
3400892075761,2017.0,7.0,2030.0,5.0,5.0,539067.0,714.0,5001.0,1157.0,187.0,75420.0,0.0,1236.0,261.0,0.0
3400892729589,2017.0,7.0,3998.0,7.0,5.0,539067.0,714.0,5001.0,1157.0,187.0,75420.0,0.0,1236.0,261.0,0.0
3400891225037,2017.0,7.0,12932.0,11.5,5.0,539067.0,714.0,5001.0,1157.0,187.0,75420.0,0.0,1236.0,261.0,0.0
3400893875490,2017.0,7.0,8194.0,13.5,5.0,539067.0,714.0,5001.0,1157.0,187.0,75420.0,0.0,1236.0,261.0,0.0
3400891191226,2017.0,7.0,2430.0,5.5,5.0,539067.0,714.0,5001.0,1157.0,187.0,75420.0,0.0,1236.0,261.0,0.0
3400890837149,2017.0,7.0,2010.0,4.0,5.0,539067.0,714.0,5001.0,1157.0,187.0,75420.0,0.0,1236.0,261.0,0.0
3400892088310,2017.0,8.0,2631.0,6.0,5.0,539067.0,714.0,5001.0,1157.0,187.0,75420.0,0.0,1236.0,261.0,0.0
3400891191226,2017.0,8.0,2780.0,5.0,5.0,539067.0,714.0,5001.0,1157.0,187.0,75420.0,0.0,1236.0,261.0,0.0
3400892745848,2017.0,8.0,2590.0,5.0,5.0,539067.0,714.0,5001.0,1157.0,187.0,75420.0,0.0,1236.0,261.0,0.0
3400892052120,2017.0,8.0,1450.0,3.0,5.0,539067.0,714.0,5001.0,1157.0,187.0,75420.0,0.0,1236.0,261.0,0.0
3400892697789,2017.0,8.0,1080.0,2.0,5.0,539067.0,714.0,5001.0,1157.0,187.0,75420.0,0.0,1236.0,261.0,0.0
3400893736135,2017.0,8.0,4580.0,5.5,5.0,539067.0,714.0,5001.0,1157.0,187.0,75420.0,0.0,1236.0,261.0,0.0
3400892669236,2017.0,8.0,7495.0,21.0,5.0,539067.0,714.0,5001.0,1157.0,187.0,75420.0,0.0,1236.0,261.0,0.0
3400892761695,2017.0,8.0,15800.0,13.0,5.0,539067.0,714.0,5001.0,1157.0,187.0,75420.0,0.0,1236.0,261.0,0.0
3400891225037,2017.0,8.0,13230.0,8.0,5.0,539067.0,714.0,5001.0,1157.0,187.0,75420.0,0.0,1236.0,261.0,0.0
3400893022634,2017.0,8.0,4371.0,8.0,5.0,539067.0,714.0,5001.0,1157.0,187.0,75420.0,0.0,1236.0,261.0,0.0
3400892075761,2017.0,8.0,1980.0,5.0,5.0,539067.0,714.0,5001.0,1157.0,187.0,75420.0,0.0,1236.0,261.0,0.0
3400892761527,2017.0,8.0,11755.0,10.0,5.0,539067.0,714.0,5001.0,1157.0,187.0,75420.0,0.0,1236.0,261.0,0.0
3400893875490,2017.0,8.0,8239.0,12.0,5.0,539067.0,714.0,5001.0,1157.0,187.0,75420.0,0.0,1236.0,261.0,0.0
3400892065366,2017.0,8.0,4845.0,9.0,5.0,539067.0,714.0,5001.0,1157.0,187.0,75420.0,0.0,1236.0,261.0,0.0
3400891996128,2017.0,8.0,59700.0,20.5,5.0,539067.0,714.0,5001.0,1157.0,187.0,75420.0,0.0,1236.0,261.0,0.0
3400891235203,2017.0,8.0,1410.0,4.0,5.0,539067.0,714.0,5001.0,1157.0,187.0,75420.0,0.0,1236.0,261.0,0.0
3400893826706,2017.0,8.0,1743.0,5.5,5.0,539067.0,714.0,5001.0,1157.0,187.0,75420.0,0.0,1236.0,261.0,0.0
3400892203645,2017.0,8.0,3415.0,5.5,5.0,539067.0,714.0,5001.0,1157.0,187.0,75420.0,0.0,1236.0,261.0,0.0
3400892729589,2017.0,8.0,4350.0,5.0,5.0,539067.0,714.0,5001.0,1157.0,187.0,75420.0,0.0,1236.0,261.0,0.0
3400890837149,2017.0,8.0,2150.0,6.0,5.0,539067.0,714.0,5001.0,1157.0,187.0,75420.0,0.0,1236.0,261.0,0.0
3400890837149,2017.0,9.0,2510.0,5.0,5.0,539067.0,714.0,5001.0,1157.0,187.0,75420.0,0.0,1236.0,261.0,0.0
3400893736135,2017.0,9.0,4251.0,6.0,5.0,539067.0,714.0,5001.0,1157.0,187.0,75420.0,0.0,1236.0,261.0,0.0
3400892697789,2017.0,9.0,820.0,2.0,5.0,539067.0,714.0,5001.0,1157.0,187.0,75420.0,0.0,1236.0,261.0,0.0
3400891996128,2017.0,9.0,65220.0,27.0,5.0,539067.0,714.0,5001.0,1157.0,187.0,75420.0,0.0,1236.0,261.0,0.0
3400892203645,2017.0,9.0,3415.0,5.0,5.0,539067.0,714.0,5001.0,1157.0,187.0,75420.0,0.0,1236.0,261.0,0.0
3400892745848,2017.0,9.0,3160.0,9.0,5.0,539067.0,714.0,5001.0,1157.0,187.0,75420.0,0.0,1236.0,261.0,0.0
3400892075761,2017.0,9.0,1970.0,5.0,5.0,539067.0,714.0,5001.0,1157.0,187.0,75420.0,0.0,1236.0,261.0,0.0
3400891225037,2017.0,9.0,12260.0,17.0,5.0,539067.0,714.0,5001.0,1157.0,187.0,75420.0,0.0,1236.0,261.0,0.0
3400893022634,2017.0,9.0,5048.0,10.0,5.0,539067.0,714.0,5001.0,1157.0,187.0,75420.0,0.0,1236.0,261.0,0.0
3400892761695,2017.0,9.0,13485.0,14.0,5.0,539067.0,714.0,5001.0,1157.0,187.0,75420.0,0.0,1236.0,261.0,0.0
3400892088310,2017.0,9.0,2686.0,8.0,5.0,539067.0,714.0,5001.0,1157.0,187.0,75420.0,0.0,1236.0,261.0,0.0
3400893875490,2017.0,9.0,9196.0,14.0,5.0,539067.0,714.0,5001.0,1157.0,187.0,75420.0,0.0,1236.0,261.0,0.0
3400892761527,2017.0,9.0,10487.0,11.0,5.0,539067.0,714.0,5001.0,1157.0,187.0,75420.0,0.0,1236.0,261.0,0.0
3400893826706,2017.0,9.0,1763.0,5.0,5.0,539067.0,714.0,5001.0,1157.0,187.0,75420.0,0.0,1236.0,261.0,0.0
3400892729589,2017.0,9.0,4560.0,9.0,5.0,539067.0,714.0,5001.0,1157.0,187.0,75420.0,0.0,1236.0,261.0,0.0
3400891235203,2017.0,9.0,1420.0,4.0,5.0,539067.0,714.0,5001.0,1157.0,187.0,75420.0,0.0,1236.0,261.0,0.0
3400892065366,2017.0,9.0,5232.0,11.0,5.0,539067.0,714.0,5001.0,1157.0,187.0,75420.0,0.0,1236.0,261.0,0.0
3400891191226,2017.0,9.0,2620.0,7.0,5.0,539067.0,714.0,5001.0,1157.0,187.0,75420.0,0.0,1236.0,261.0,0.0
3400892052120,2017.0,9.0,1630.0,5.0,5.0,539067.0,714.0,5001.0,1157.0,187.0,75420.0,0.0,1236.0,261.0,0.0
3400892669236,2017.0,9.0,7739.0,24.0,5.0,539067.0,714.0,5001.0,1157.0,187.0,75420.0,0.0,1236.0,261.0,0.0
3400892203645,2017.0,10.0,3930.0,6.0,5.0,539067.0,714.0,5001.0,1157.0,187.0,75420.0,0.0,1236.0,261.0,0.0
3400892669236,2017.0,10.0,7773.0,17.0,5.0,539067.0,714.0,5001.0,1157.0,187.0,75420.0,0.0,1236.0,261.0,0.0
3400893875490,2017.0,10.0,8434.0,11.0,5.0,539067.0,714.0,5001.0,1157.0,187.0,75420.0,0.0,1236.0,261.0,0.0
3400892761695,2017.0,10.0,15780.0,14.0,5.0,539067.0,714.0,5001.0,1157.0,187.0,75420.0,0.0,1236.0,261.0,0.0
3400891225037,2017.0,10.0,14840.0,13.0,5.0,539067.0,714.0,5001.0,1157.0,187.0,75420.0,0.0,1236.0,261.0,0.0
3400892052120,2017.0,10.0,1570.0,4.0,5.0,539067.0,714.0,5001.0,1157.0,187.0,75420.0,0.0,1236.0,261.0,0.0
3400892761527,2017.0,10.0,13503.0,11.0,5.0,539067.0,714.0,5001.0,1157.0,187.0,75420.0,0.0,1236.0,261.0,0.0
3400892745848,2017.0,10.0,4130.0,8.0,5.0,539067.0,714.0,5001.0,1157.0,187.0,75420.0,0.0,1236.0,261.0,0.0
3400893736135,2017.0,10.0,3730.0,6.5,5.0,539067.0,714.0,5001.0,1157.0,187.0,75420.0,0.0,1236.0,261.0,0.0
3400892065366,2017.0,10.0,4988.0,7.5,5.0,539067.0,714.0,5001.0,1157.0,187.0,75420.0,0.0,1236.0,261.0,0.0
3400893022634,2017.0,10.0,4343.0,4.0,5.0,539067.0,714.0,5001.0,1157.0,187.0,75420.0,0.0,1236.0,261.0,0.0
3400892075761,2017.0,10.0,2480.0,4.0,5.0,539067.0,714.0,5001.0,1157.0,187.0,75420.0,0.0,1236.0,261.0,0.0
3400892697789,2017.0,10.0,1130.0,2.0,5.0,539067.0,714.0,5001.0,1157.0,187.0,75420.0,0.0,1236.0,261.0,0.0
3400892088310,2017.0,10.0,2612.0,5.0,5.0,539067.0,714.0,5001.0,1157.0,187.0,75420.0,0.0,1236.0,261.0,0.0
3400891191226,2017.0,10.0,2660.0,4.5,5.0,539067.0,714.0,5001.0,1157.0,187.0,75420.0,0.0,1236.0,261.0,0.0
3400891235203,2017.0,10.0,1770.0,3.0,5.0,539067.0,714.0,5001.0,1157.0,187.0,75420.0,0.0,1236.0,261.0,0.0
3400892729589,2017.0,10.0,3960.0,5.0,5.0,539067.0,714.0,5001.0,1157.0,187.0,75420.0,0.0,1236.0,261.0,0.0
3400890837149,2017.0,10.0,2910.0,5.0,5.0,539067.0,714.0,5001.0,1157.0,187.0,75420.0,0.0,1236.0,261.0,0.0
3400891996128,2017.0,10.0,64440.0,26.5,5.0,539067.0,714.0,5001.0,1157.0,187.0,75420.0,0.0,1236.0,261.0,0.0
3400893826706,2017.0,10.0,1852.0,6.0,5.0,539067.0,714.0,5001.0,1157.0,187.0,75420.0,0.0,1236.0,261.0,0.0
3400891235203,2017.0,11.0,1330.0,4.0,5.0,539067.0,714.0,5001.0,1157.0,187.0,75420.0,0.0,1236.0,261.0,0.0
3400892669236,2017.0,11.0,6842.0,14.0,5.0,539067.0,714.0,5001.0,1157.0,187.0,75420.0,0.0,1236.0,261.0,0.0
3400892065366,2017.0,11.0,5564.0,6.0,5.0,539067.0,714.0,5001.0,1157.0,187.0,75420.0,0.0,1236.0,261.0,0.0
3400892203645,2017.0,11.0,2990.0,4.5,5.0,539067.0,714.0,5001.0,1157.0,187.0,75420.0,0.0,1236.0,261.0,0.0
3400892052120,2017.0,11.0,1510.0,3.0,5.0,539067.0,714.0,5001.0,1157.0,187.0,75420.0,0.0,1236.0,261.0,0.0
3400892729589,2017.0,11.0,3780.0,7.0,5.0,539067.0,714.0,5001.0,1157.0,187.0,75420.0,0.0,1236.0,261.0,0.0
3400893826706,2017.0,11.0,1711.0,5.0,5.0,539067.0,714.0,5001.0,1157.0,187.0,75420.0,0.0,1236.0,261.0,0.0
3400892761527,2017.0,11.0,11484.0,10.0,5.0,539067.0,714.0,5001.0,1157.0,187.0,75420.0,0.0,1236.0,261.0,0.0
3400892697789,2017.0,11.0,960.0,2.0,5.0,539067.0,714.0,5001.0,1157.0,187.0,75420.0,0.0,1236.0,261.0,0.0
3400892761695,2017.0,11.0,15090.0,14.0,5.0,539067.0,714.0,5001.0,1157.0,187.0,75420.0,0.0,1236.0,261.0,0.0
3400893022634,2017.0,11.0,3752.0,7.0,5.0,539067.0,714.0,5001.0,1157.0,187.0,75420.0,0.0,1236.0,261.0,0.0
3400891191226,2017.0,11.0,2670.0,5.0,5.0,539067.0,714.0,5001.0,1157.0,187.0,75420.0,0.0,1236.0,261.0,0.0
3400891225037,2017.0,11.0,13200.0,9.5,5.0,539067.0,714.0,5001.0,1157.0,187.0,75420.0,0.0,1236.0,261.0,0.0
3400890837149,2017.0,11.0,2061.0,3.0,5.0,539067.0,714.0,5001.0,1157.0,187.0,75420.0,0.0,1236.0,261.0,0.0
3400892075761,2017.0,11.0,2090.0,4.0,5.0,539067.0,714.0,5001.0,1157.0,187.0,75420.0,0.0,1236.0,261.0,0.0
3400893875490,2017.0,11.0,8605.0,11.5,5.0,539067.0,714.0,5001.0,1157.0,187.0,75420.0,0.0,1236.0,261.0,0.0
3400892088310,2017.0,11.0,2877.0,7.5,5.0,539067.0,714.0,5001.0,1157.0,187.0,75420.0,0.0,1236.0,261.0,0.0
3400893736135,2017.0,11.0,3915.0,7.0,5.0,539067.0,714.0,5001.0,1157.0,187.0,75420.0,0.0,1236.0,261.0,0.0
3400892745848,2017.0,11.0,3090.0,7.0,5.0,539067.0,714.0,5001.0,1157.0,187.0,75420.0,0.0,1236.0,261.0,0.0
3400891996128,2017.0,11.0,55380.0,24.5,5.0,539067.0,714.0,5001.0,1157.0,187.0,75420.0,0.0,1236.0,261.0,0.0
3400891225037,2017.0,12.0,14840.0,18.0,5.0,539067.0,714.0,5001.0,1157.0,187.0,75420.0,0.0,1236.0,261.0,0.0
3400892761527,2017.0,12.0,12083.0,11.0,5.0,539067.0,714.0,5001.0,1157.0,187.0,75420.0,0.0,1236.0,261.0,0.0
3400892065366,2017.0,12.0,5948.0,11.0,5.0,539067.0,714.0,5001.0,1157.0,187.0,75420.0,0.0,1236.0,261.0,0.0
3400893826706,2017.0,12.0,1985.0,5.5,5.0,539067.0,714.0,5001.0,1157.0,187.0,75420.0,0.0,1236.0,261.0,0.0
3400892761695,2017.0,12.0,14330.0,14.0,5.0,539067.0,714.0,5001.0,1157.0,187.0,75420.0,0.0,1236.0,261.0,0.0
3400893875490,2017.0,12.0,8993.0,13.0,5.0,539067.0,714.0,5001.0,1157.0,187.0,75420.0,0.0,1236.0,261.0,0.0
3400893022634,2017.0,12.0,5832.0,4.5,5.0,539067.0,714.0,5001.0,1157.0,187.0,75420.0,0.0,1236.0,261.0,0.0
3400891996128,2017.0,12.0,62896.0,23.0,5.0,539067.0,714.0,5001.0,1157.0,187.0,75420.0,0.0,1236.0,261.0,0.0
3400892669236,2017.0,12.0,8152.0,14.0,5.0,539067.0,714.0,5001.0,1157.0,187.0,75420.0,0.0,1236.0,261.0,0.0
3400891235203,2017.0,12.0,1280.0,6.0,5.0,539067.0,714.0,5001.0,1157.0,187.0,75420.0,0.0,1236.0,261.0,0.0
3400892745848,2017.0,12.0,3930.0,10.0,5.0,539067.0,714.0,5001.0,1157.0,187.0,75420.0,0.0,1236.0,261.0,0.0
3400890837149,2017.0,12.0,3090.0,3.0,5.0,539067.0,714.0,5001.0,1157.0,187.0,75420.0,0.0,1236.0,261.0,0.0
3400892203645,2017.0,12.0,3495.0,5.0,5.0,539067.0,714.0,5001.0,1157.0,187.0,75420.0,0.0,1236.0,261.0,0.0
3400892075761,2017.0,12.0,1880.0,5.0,5.0,539067.0,714.0,5001.0,1157.0,187.0,75420.0,0.0,1236.0,261.0,0.0
3400892697789,2017.0,12.0,240.0,1.0,5.0,539067.0,714.0,5001.0,1157.0,187.0,75420.0,0.0,1236.0,261.0,0.0
3400891191226,2017.0,12.0,2950.0,6.0,5.0,539067.0,714.0,5001.0,1157.0,187.0,75420.0,0.0,1236.0,261.0,0.0
3400892052120,2017.0,12.0,1840.0,6.0,5.0,539067.0,714.0,5001.0,1157.0,187.0,75420.0,0.0,1236.0,261.0,0.0
3400892088310,2017.0,12.0,2799.0,3.5,5.0,539067.0,714.0,5001.0,1157.0,187.0,75420.0,0.0,1236.0,261.0,0.0
3400893736135,2017.0,12.0,3693.0,5.5,5.0,539067.0,714.0,5001.0,1157.0,187.0,75420.0,0.0,1236.0,261.0,0.0
3400892729589,2017.0,12.0,3708.0,5.0,5.0,539067.0,714.0,5001.0,1157.0,187.0,75420.0,0.0,1236.0,261.0,0.0
3400892065366,2018.0,1.0,8528.0,10.0,5.0,541454.0,703.0,5007.0,1159.0,139.0,74663.0,0.0,1193.0,237.0,0.0
3400892075761,2018.0,1.0,1910.0,5.0,5.0,541454.0,703.0,5007.0,1159.0,139.0,74663.0,0.0,1193.0,237.0,0.0
3400892203645,2018.0,1.0,2750.0,5.0,5.0,541454.0,703.0,5007.0,1159.0,139.0,74663.0,0.0,1193.0,237.0,0.0
3400893875490,2018.0,1.0,8618.0,14.5,5.0,541454.0,703.0,5007.0,1159.0,139.0,74663.0,0.0,1193.0,237.0,0.0
3400891191226,2018.0,1.0,2920.0,7.0,5.0,541454.0,703.0,5007.0,1159.0,139.0,74663.0,0.0,1193.0,237.0,0.0
3400892761695,2018.0,1.0,16825.0,14.0,5.0,541454.0,703.0,5007.0,1159.0,139.0,74663.0,0.0,1193.0,237.0,0.0
3400892088310,2018.0,1.0,2683.5,10.5,5.0,541454.0,703.0,5007.0,1159.0,139.0,74663.0,0.0,1193.0,237.0,0.0
3400892052120,2018.0,1.0,2340.0,3.0,5.0,541454.0,703.0,5007.0,1159.0,139.0,74663.0,0.0,1193.0,237.0,0.0
3400891996128,2018.0,1.0,86140.0,23.0,5.0,541454.0,703.0,5007.0,1159.0,139.0,74663.0,0.0,1193.0,237.0,0.0
3400891235203,2018.0,1.0,1600.0,3.0,5.0,541454.0,703.0,5007.0,1159.0,139.0,74663.0,0.0,1193.0,237.0,0.0
3400893736135,2018.0,1.0,4111.0,6.0,5.0,541454.0,703.0,5007.0,1159.0,139.0,74663.0,0.0,1193.0,237.0,0.0
3400892745848,2018.0,1.0,3920.0,11.0,5.0,541454.0,703.0,5007.0,1159.0,139.0,74663.0,0.0,1193.0,237.0,0.0
3400892669236,2018.0,1.0,8391.0,14.0,5.0,541454.0,703.0,5007.0,1159.0,139.0,74663.0,0.0,1193.0,237.0,0.0
3400891225037,2018.0,1.0,21760.0,22.0,5.0,541454.0,703.0,5007.0,1159.0,139.0,74663.0,0.0,1193.0,237.0,0.0
3400893826706,2018.0,1.0,2562.0,5.0,5.0,541454.0,703.0,5007.0,1159.0,139.0,74663.0,0.0,1193.0,237.0,0.0
3400892697789,2018.0,1.0,610.0,1.0,5.0,541454.0,703.0,5007.0,1159.0,139.0,74663.0,0.0,1193.0,237.0,0.0
3400892761527,2018.0,1.0,12638.0,12.0,5.0,541454.0,703.0,5007.0,1159.0,139.0,74663.0,0.0,1193.0,237.0,0.0
3400892729589,2018.0,1.0,5270.0,6.5,5.0,541454.0,703.0,5007.0,1159.0,139.0,74663.0,0.0,1193.0,237.0,0.0
3400893022634,2018.0,1.0,6679.0,8.0,5.0,541454.0,703.0,5007.0,1159.0,139.0,74663.0,0.0,1193.0,237.0,0.0
3400890837149,2018.0,1.0,2499.0,7.0,5.0,541454.0,703.0,5007.0,1159.0,139.0,74663.0,0.0,1193.0,237.0,0.0
3400892075761,2018.0,2.0,2230.0,5.0,5.0,541454.0,703.0,5007.0,1159.0,139.0,74663.0,0.0,1193.0,237.0,0.0
3400890837149,2018.0,2.0,3020.0,7.0,5.0,541454.0,703.0,5007.0,1159.0,139.0,74663.0,0.0,1193.0,237.0,0.0
3400891225037,2018.0,2.0,14770.0,16.5,5.0,541454.0,703.0,5007.0,1159.0,139.0,74663.0,0.0,1193.0,237.0,0.0
3400891191226,2018.0,2.0,3010.0,7.0,5.0,541454.0,703.0,5007.0,1159.0,139.0,74663.0,0.0,1193.0,237.0,0.0
3400891996128,2018.0,2.0,75480.0,24.5,5.0,541454.0,703.0,5007.0,1159.0,139.0,74663.0,0.0,1193.0,237.0,0.0
3400892088310,2018.0,2.0,3094.0,11.0,5.0,541454.0,703.0,5007.0,1159.0,139.0,74663.0,0.0,1193.0,237.0,0.0
3400892697789,2018.0,2.0,620.0,2.0,5.0,541454.0,703.0,5007.0,1159.0,139.0,74663.0,0.0,1193.0,237.0,0.0
3400892761527,2018.0,2.0,13095.0,12.0,5.0,541454.0,703.0,5007.0,1159.0,139.0,74663.0,0.0,1193.0,237.0,0.0
3400891235203,2018.0,2.0,1330.0,3.0,5.0,541454.0,703.0,5007.0,1159.0,139.0,74663.0,0.0,1193.0,237.0,0.0
3400893875490,2018.0,2.0,9101.0,14.5,5.0,541454.0,703.0,5007.0,1159.0,139.0,74663.0,0.0,1193.0,237.0,0.0
3400892761695,2018.0,2.0,13755.0,14.0,5.0,541454.0,703.0,5007.0,1159.0,139.0,74663.0,0.0,1193.0,237.0,0.0
3400892729589,2018.0,2.0,5050.0,8.0,5.0,541454.0,703.0,5007.0,1159.0,139.0,74663.0,0.0,1193.0,237.0,0.0
3400892669236,2018.0,2.0,8420.0,19.0,5.0,541454.0,703.0,5007.0,1159.0,139.0,74663.0,0.0,1193.0,237.0,0.0
3400893022634,2018.0,2.0,4713.0,4.0,5.0,541454.0,703.0,5007.0,1159.0,139.0,74663.0,0.0,1193.0,237.0,0.0
3400892745848,2018.0,2.0,4260.0,7.0,5.0,541454.0,703.0,5007.0,1159.0,139.0,74663.0,0.0,1193.0,237.0,0.0
3400893736135,2018.0,2.0,4440.0,5.0,5.0,541454.0,703.0,5007.0,1159.0,139.0,74663.0,0.0,1193.0,237.0,0.0
3400893826706,2018.0,2.0,2090.0,8.0,5.0,541454.0,703.0,5007.0,1159.0,139.0,74663.0,0.0,1193.0,237.0,0.0
3400892052120,2018.0,2.0,1770.0,4.0,5.0,541454.0,703.0,5007.0,1159.0,139.0,74663.0,0.0,1193.0,237.0,0.0
3400892508566,2018.0,2.0,40.0,1.0,5.0,541454.0,703.0,5007.0,1159.0,139.0,74663.0,0.0,1193.0,237.0,0.0
3400892065366,2018.0,2.0,7540.0,12.0,5.0,541454.0,703.0,5007.0,1159.0,139.0,74663.0,0.0,1193.0,237.0,0.0
3400892203645,2018.0,2.0,2070.0,5.0,5.0,541454.0,703.0,5007.0,1159.0,139.0,74663.0,0.0,1193.0,237.0,0.0
3400890837149,2018.0,3.0,2690.0,5.5,5.0,541454.0,703.0,5007.0,1159.0,139.0,74663.0,0.0,1193.0,237.0,0.0
3400893826706,2018.0,3.0,2312.0,6.0,5.0,541454.0,703.0,5007.0,1159.0,139.0,74663.0,0.0,1193.0,237.0,0.0
3400892508566,2018.0,3.0,50.0,1.0,5.0,541454.0,703.0,5007.0,1159.0,139.0,74663.0,0.0,1193.0,237.0,0.0
3400893022634,2018.0,3.0,7145.0,7.0,5.0,541454.0,703.0,5007.0,1159.0,139.0,74663.0,0.0,1193.0,237.0,0.0
3400892697789,2018.0,3.0,920.0,2.0,5.0,541454.0,703.0,5007.0,1159.0,139.0,74663.0,0.0,1193.0,237.0,0.0
3400891235203,2018.0,3.0,1490.0,4.0,5.0,541454.0,703.0,5007.0,1159.0,139.0,74663.0,0.0,1193.0,237.0,0.0
3400892075761,2018.0,3.0,2490.0,4.0,5.0,541454.0,703.0,5007.0,1159.0,139.0,74663.0,0.0,1193.0,237.0,0.0
3400891225037,2018.0,3.0,18380.0,10.0,5.0,541454.0,703.0,5007.0,1159.0,139.0,74663.0,0.0,1193.0,237.0,0.0
3400892065366,2018.0,3.0,8558.0,10.0,5.0,541454.0,703.0,5007.0,1159.0,139.0,74663.0,0.0,1193.0,237.0,0.0
3400892669236,2018.0,3.0,9578.0,8.0,5.0,541454.0,703.0,5007.0,1159.0,139.0,74663.0,0.0,1193.0,237.0,0.0
3400891191226,2018.0,3.0,2560.0,5.5,5.0,541454.0,703.0,5007.0,1159.0,139.0,74663.0,0.0,1193.0,237.0,0.0
3400892203645,2018.0,3.0,3575.0,5.0,5.0,541454.0,703.0,5007.0,1159.0,139.0,74663.0,0.0,1193.0,237.0,0.0
3400891996128,2018.0,3.0,64535.0,25.0,5.0,541454.0,703.0,5007.0,1159.0,139.0,74663.0,0.0,1193.0,237.0,0.0
3400892088310,2018.0,3.0,3237.0,7.0,5.0,541454.0,703.0,5007.0,1159.0,139.0,74663.0,0.0,1193.0,237.0,0.0
3400892052120,2018.0,3.0,1615.0,4.0,5.0,541454.0,703.0,5007.0,1159.0,139.0,74663.0,0.0,1193.0,237.0,0.0
3400892761695,2018.0,3.0,17315.0,14.0,5.0,541454.0,703.0,5007.0,1159.0,139.0,74663.0,0.0,1193.0,237.0,0.0
3400893736135,2018.0,3.0,4750.0,7.0,5.0,541454.0,703.0,5007.0,1159.0,139.0,74663.0,0.0,1193.0,237.0,0.0
3400892729589,2018.0,3.0,5500.0,6.5,5.0,541454.0,703.0,5007.0,1159.0,139.0,74663.0,0.0,1193.0,237.0,0.0
3400893875490,2018.0,3.0,9250.0,12.5,5.0,541454.0,703.0,5007.0,1159.0,139.0,74663.0,0.0,1193.0,237.0,0.0
3400892745848,2018.0,3.0,5410.0,9.0,5.0,541454.0,703.0,5007.0,1159.0,139.0,74663.0,0.0,1193.0,237.0,0.0
3400892761527,2018.0,3.0,13485.0,11.0,5.0,541454.0,703.0,5007.0,1159.0,139.0,74663.0,0.0,1193.0,237.0,0.0
3400892203645,2018.0,4.0,3750.0,5.0,5.0,541454.0,703.0,5007.0,1159.0,139.0,74663.0,0.0,1193.0,237.0,0.0
3400892697789,2018.0,4.0,970.0,2.0,5.0,541454.0,703.0,5007.0,1159.0,139.0,74663.0,0.0,1193.0,237.0,0.0
3400890837149,2018.0,4.0,2120.0,8.0,5.0,541454.0,703.0,5007.0,1159.0,139.0,74663.0,0.0,1193.0,237.0,0.0
3400892669236,2018.0,4.0,9137.0,13.5,5.0,541454.0,703.0,5007.0,1159.0,139.0,74663.0,0.0,1193.0,237.0,0.0
3400892761527,2018.0,4.0,10580.0,10.0,5.0,541454.0,703.0,5007.0,1159.0,139.0,74663.0,0.0,1193.0,237.0,0.0
3400893875490,2018.0,4.0,8537.0,10.0,5.0,541454.0,703.0,5007.0,1159.0,139.0,74663.0,0.0,1193.0,237.0,0.0
3400892745848,2018.0,4.0,4200.0,11.5,5.0,541454.0,703.0,5007.0,1159.0,139.0,74663.0,0.0,1193.0,237.0,0.0
3400892508566,2018.0,4.0,60.0,1.0,5.0,541454.0,703.0,5007.0,1159.0,139.0,74663.0,0.0,1193.0,237.0,0.0
3400892729589,2018.0,4.0,4470.0,5.5,5.0,541454.0,703.0,5007.0,1159.0,139.0,74663.0,0.0,1193.0,237.0,0.0
3400892088310,2018.0,4.0,3146.0,4.0,5.0,541454.0,703.0,5007.0,1159.0,139.0,74663.0,0.0,1193.0,237.0,0.0
3400893826706,2018.0,4.0,1982.0,4.5,5.0,541454.0,703.0,5007.0,1159.0,139.0,74663.0,0.0,1193.0,237.0,0.0
3400892761695,2018.0,4.0,15780.0,13.0,5.0,541454.0,703.0,5007.0,1159.0,139.0,74663.0,0.0,1193.0,237.0,0.0
3400891235203,2018.0,4.0,950.0,3.0,5.0,541454.0,703.0,5007.0,1159.0,139.0,74663.0,0.0,1193.0,237.0,0.0
3400891225037,2018.0,4.0,16590.0,17.5,5.0,541454.0,703.0,5007.0,1159.0,139.0,74663.0,0.0,1193.0,237.0,0.0
3400891996128,2018.0,4.0,77570.0,22.5,5.0,541454.0,703.0,5007.0,1159.0,139.0,74663.0,0.0,1193.0,237.0,0.0
3400893736135,2018.0,4.0,3505.0,4.0,5.0,541454.0,703.0,5007.0,1159.0,139.0,74663.0,0.0,1193.0,237.0,0.0
3400892052120,2018.0,4.0,1940.0,3.0,5.0,541454.0,703.0,5007.0,1159.0,139.0,74663.0,0.0,1193.0,237.0,0.0
3400893022634,2018.0,4.0,5179.0,7.0,5.0,541454.0,703.0,5007.0,1159.0,139.0,74663.0,0.0,1193.0,237.0,0.0
3400892075761,2018.0,4.0,2150.0,5.0,5.0,541454.0,703.0,5007.0,1159.0,139.0,74663.0,0.0,1193.0,237.0,0.0
3400892065366,2018.0,4.0,7385.0,5.0,5.0,541454.0,703.0,5007.0,1159.0,139.0,74663.0,0.0,1193.0,237.0,0.0
3400892075761,2018.0,5.0,2190.0,4.0,5.0,541454.0,703.0,5007.0,1159.0,139.0,74663.0,0.0,1193.0,237.0,0.0
3400892065366,2018.0,5.0,5595.0,7.5,5.0,541454.0,703.0,5007.0,1159.0,139.0,74663.0,0.0,1193.0,237.0,0.0
3400892203645,2018.0,5.0,3165.0,6.0,5.0,541454.0,703.0,5007.0,1159.0,139.0,74663.0,0.0,1193.0,237.0,0.0
3400893022634,2018.0,5.0,5061.0,5.5,5.0,541454.0,703.0,5007.0,1159.0,139.0,74663.0,0.0,1193.0,237.0,0.0
3400892508566,2018.0,5.0,70.0,1.0,5.0,541454.0,703.0,5007.0,1159.0,139.0,74663.0,0.0,1193.0,237.0,0.0
3400893826706,2018.0,5.0,1786.0,4.0,5.0,541454.0,703.0,5007.0,1159.0,139.0,74663.0,0.0,1193.0,237.0,0.0
3400892052120,2018.0,5.0,1580.0,2.0,5.0,541454.0,703.0,5007.0,1159.0,139.0,74663.0,0.0,1193.0,237.0,0.0
3400892669236,2018.0,5.0,8998.0,12.0,5.0,541454.0,703.0,5007.0,1159.0,139.0,74663.0,0.0,1193.0,237.0,0.0
3400891996128,2018.0,5.0,82910.0,24.0,5.0,541454.0,703.0,5007.0,1159.0,139.0,74663.0,0.0,1193.0,237.0,0.0
3400890837149,2018.0,5.0,2930.0,7.5,5.0,541454.0,703.0,5007.0,1159.0,139.0,74663.0,0.0,1193.0,237.0,0.0
3400893736135,2018.0,5.0,4580.0,7.0,5.0,541454.0,703.0,5007.0,1159.0,139.0,74663.0,0.0,1193.0,237.0,0.0
3400891225037,2018.0,5.0,11350.0,10.0,5.0,541454.0,703.0,5007.0,1159.0,139.0,74663.0,0.0,1193.0,237.0,0.0
3400892697789,2018.0,5.0,820.0,2.0,5.0,541454.0,703.0,5007.0,1159.0,139.0,74663.0,0.0,1193.0,237.0,0.0
3400892729589,2018.0,5.0,5290.0,8.0,5.0,541454.0,703.0,5007.0,1159.0,139.0,74663.0,0.0,1193.0,237.0,0.0
3400891235203,2018.0,5.0,1280.0,3.5,5.0,541454.0,703.0,5007.0,1159.0,139.0,74663.0,0.0,1193.0,237.0,0.0
3400892761695,2018.0,5.0,15450.0,15.0,5.0,541454.0,703.0,5007.0,1159.0,139.0,74663.0,0.0,1193.0,237.0,0.0
3400893875490,2018.0,5.0,9661.0,15.0,5.0,541454.0,703.0,5007.0,1159.0,139.0,74663.0,0.0,1193.0,237.0,0.0
3400892761527,2018.0,5.0,13225.0,12.0,5.0,541454.0,703.0,5007.0,1159.0,139.0,74663.0,0.0,1193.0,237.0,0.0
3400892745848,2018.0,5.0,3990.0,9.0,5.0,541454.0,703.0,5007.0,1159.0,139.0,74663.0,0.0,1193.0,237.0,0.0
3400892088310,2018.0,5.0,1992.0,5.0,5.0,541454.0,703.0,5007.0,1159.0,139.0,74663.0,0.0,1193.0,237.0,0.0
3400891191226,2018.0,5.0,2620.0,2.0,5.0,541454.0,703.0,5007.0,1159.0,139.0,74663.0,0.0,1193.0,237.0,0.0
3400891191226,2018.0,6.0,1490.0,2.0,5.0,541454.0,703.0,5007.0,1159.0,139.0,74663.0,0.0,1193.0,237.0,0.0
3400892729589,2018.0,6.0,4880.0,6.0,5.0,541454.0,703.0,5007.0,1159.0,139.0,74663.0,0.0,1193.0,237.0,0.0
3400893022634,2018.0,6.0,5000.0,13.0,5.0,541454.0,703.0,5007.0,1159.0,139.0,74663.0,0.0,1193.0,237.0,0.0
3400892697789,2018.0,6.0,780.0,2.0,5.0,541454.0,703.0,5007.0,1159.0,139.0,74663.0,0.0,1193.0,237.0,0.0
3400890837149,2018.0,6.0,2750.0,7.0,5.0,541454.0,703.0,5007.0,1159.0,139.0,74663.0,0.0,1193.0,237.0,0.0
3400892745848,2018.0,6.0,4950.0,7.0,5.0,541454.0,703.0,5007.0,1159.0,139.0,74663.0,0.0,1193.0,237.0,0.0
3400892075761,2018.0,6.0,2140.0,4.0,5.0,541454.0,703.0,5007.0,1159.0,139.0,74663.0,0.0,1193.0,237.0,0.0
3400892052120,2018.0,6.0,1810.0,4.0,5.0,541454.0,703.0,5007.0,1159.0,139.0,74663.0,0.0,1193.0,237.0,0.0
3400891225037,2018.0,6.0,13530.0,14.0,5.0,541454.0,703.0,5007.0,1159.0,139.0,74663.0,0.0,1193.0,237.0,0.0
3400893736135,2018.0,6.0,4318.0,7.0,5.0,541454.0,703.0,5007.0,1159.0,139.0,74663.0,0.0,1193.0,237.0,0.0
3400892669236,2018.0,6.0,8700.0,18.0,5.0,541454.0,703.0,5007.0,1159.0,139.0,74663.0,0.0,1193.0,237.0,0.0
3400892761695,2018.0,6.0,15450.0,14.0,5.0,541454.0,703.0,5007.0,1159.0,139.0,74663.0,0.0,1193.0,237.0,0.0
3400891996128,2018.0,6.0,72340.0,27.0,5.0,541454.0,703.0,5007.0,1159.0,139.0,74663.0,0.0,1193.0,237.0,0.0
3400892088310,2018.0,6.0,2590.0,8.0,5.0,541454.0,703.0,5007.0,1159.0,139.0,74663.0,0.0,1193.0,237.0,0.0
3400892203645,2018.0,6.0,3750.0,6.0,5.0,541454.0,703.0,5007.0,1159.0,139.0,74663.0,0.0,1193.0,237.0,0.0
3400892065366,2018.0,6.0,8351.0,10.0,5.0,541454.0,703.0,5007.0,1159.0,139.0,74663.0,0.0,1193.0,237.0,0.0
3400892508566,2018.0,6.0,40.0,1.0,5.0,541454.0,703.0,5007.0,1159.0,139.0,74663.0,0.0,1193.0,237.0,0.0
3400893826706,2018.0,6.0,1506.0,5.0,5.0,541454.0,703.0,5007.0,1159.0,139.0,74663.0,0.0,1193.0,237.0,0.0
3400893875490,2018.0,6.0,8734.0,13.5,5.0,541454.0,703.0,5007.0,1159.0,139.0,74663.0,0.0,1193.0,237.0,0.0
3400891235203,2018.0,6.0,1290.0,4.0,5.0,541454.0,703.0,5007.0,1159.0,139.0,74663.0,0.0,1193.0,237.0,0.0
3400892761527,2018.0,6.0,11585.0,10.0,5.0,541454.0,703.0,5007.0,1159.0,139.0,74663.0,0.0,1193.0,237.0,0.0
3400891225037,2018.0,7.0,15630.0,15.0,5.0,541454.0,703.0,5007.0,1159.0,139.0,74663.0,0.0,1193.0,237.0,0.0
3400892745848,2018.0,7.0,3290.0,9.0,5.0,541454.0,703.0,5007.0,1159.0,139.0,74663.0,0.0,1193.0,237.0,0.0
3400892052120,2018.0,7.0,1700.0,3.0,5.0,541454.0,703.0,5007.0,1159.0,139.0,74663.0,0.0,1193.0,237.0,0.0
3400892508566,2018.0,7.0,40.0,1.0,5.0,541454.0,703.0,5007.0,1159.0,139.0,74663.0,0.0,1193.0,237.0,0.0
3400891191226,2018.0,7.0,2780.0,5.0,5.0,541454.0,703.0,5007.0,1159.0,139.0,74663.0,0.0,1193.0,237.0,0.0
3400892697789,2018.0,7.0,690.0,2.0,5.0,541454.0,703.0,5007.0,1159.0,139.0,74663.0,0.0,1193.0,237.0,0.0
3400893826706,2018.0,7.0,1944.0,6.0,5.0,541454.0,703.0,5007.0,1159.0,139.0,74663.0,0.0,1193.0,237.0,0.0
3400892761695,2018.0,7.0,16840.0,13.0,5.0,541454.0,703.0,5007.0,1159.0,139.0,74663.0,0.0,1193.0,237.0,0.0
3400890837149,2018.0,7.0,3070.0,6.0,5.0,541454.0,703.0,5007.0,1159.0,139.0,74663.0,0.0,1193.0,237.0,0.0
3400893736135,2018.0,7.0,3564.0,6.0,5.0,541454.0,703.0,5007.0,1159.0,139.0,74663.0,0.0,1193.0,237.0,0.0
3400892088310,2018.0,7.0,2429.0,4.0,5.0,541454.0,703.0,5007.0,1159.0,139.0,74663.0,0.0,1193.0,237.0,0.0
3400892065366,2018.0,7.0,8403.0,10.5,5.0,541454.0,703.0,5007.0,1159.0,139.0,74663.0,0.0,1193.0,237.0,0.0
3400893875490,2018.0,7.0,8529.0,13.0,5.0,541454.0,703.0,5007.0,1159.0,139.0,74663.0,0.0,1193.0,237.0,0.0
3400891235203,2018.0,7.0,1530.0,3.0,5.0,541454.0,703.0,5007.0,1159.0,139.0,74663.0,0.0,1193.0,237.0,0.0
3400891996128,2018.0,7.0,72460.0,24.0,5.0,541454.0,703.0,5007.0,1159.0,139.0,74663.0,0.0,1193.0,237.0,0.0
3400893022634,2018.0,7.0,5235.0,8.5,5.0,541454.0,703.0,5007.0,1159.0,139.0,74663.0,0.0,1193.0,237.0,0.0
3400892761527,2018.0,7.0,12865.0,10.0,5.0,541454.0,703.0,5007.0,1159.0,139.0,74663.0,0.0,1193.0,237.0,0.0
3400892203645,2018.0,7.0,4186.0,5.5,5.0,541454.0,703.0,5007.0,1159.0,139.0,74663.0,0.0,1193.0,237.0,0.0
3400892669236,2018.0,7.0,7676.0,16.0,5.0,541454.0,703.0,5007.0,1159.0,139.0,74663.0,0.0,1193.0,237.0,0.0
3400892729589,2018.0,7.0,5600.0,4.5,5.0,541454.0,703.0,5007.0,1159.0,139.0,74663.0,0.0,1193.0,237.0,0.0
3400892075761,2018.0,7.0,2690.0,5.0,5.0,541454.0,703.0,5007.0,1159.0,139.0,74663.0,0.0,1193.0,237.0,0.0
3400892669236,2018.0,8.0,8228.0,19.0,5.0,541454.0,703.0,5007.0,1159.0,139.0,74663.0,0.0,1193.0,237.0,0.0
3400892761695,2018.0,8.0,15635.0,13.0,5.0,541454.0,703.0,5007.0,1159.0,139.0,74663.0,0.0,1193.0,237.0,0.0
3400893736135,2018.0,8.0,3710.0,7.0,5.0,541454.0,703.0,5007.0,1159.0,139.0,74663.0,0.0,1193.0,237.0,0.0
3400892088310,2018.0,8.0,2441.0,5.5,5.0,541454.0,703.0,5007.0,1159.0,139.0,74663.0,0.0,1193.0,237.0,0.0
3400891996128,2018.0,8.0,94430.0,23.0,5.0,541454.0,703.0,5007.0,1159.0,139.0,74663.0,0.0,1193.0,237.0,0.0
3400891191226,2018.0,8.0,2720.0,5.0,5.0,541454.0,703.0,5007.0,1159.0,139.0,74663.0,0.0,1193.0,237.0,0.0
3400892052120,2018.0,8.0,2080.0,3.0,5.0,541454.0,703.0,5007.0,1159.0,139.0,74663.0,0.0,1193.0,237.0,0.0
3400893826706,2018.0,8.0,1772.0,3.5,5.0,541454.0,703.0,5007.0,1159.0,139.0,74663.0,0.0,1193.0,237.0,0.0
3400892761527,2018.0,8.0,11920.0,9.0,5.0,541454.0,703.0,5007.0,1159.0,139.0,74663.0,0.0,1193.0,237.0,0.0
3400892745848,2018.0,8.0,3750.0,8.0,5.0,541454.0,703.0,5007.0,1159.0,139.0,74663.0,0.0,1193.0,237.0,0.0
3400892065366,2018.0,8.0,7337.0,8.5,5.0,541454.0,703.0,5007.0,1159.0,139.0,74663.0,0.0,1193.0,237.0,0.0
3400890837149,2018.0,8.0,2640.0,7.5,5.0,541454.0,703.0,5007.0,1159.0,139.0,74663.0,0.0,1193.0,237.0,0.0
3400891225037,2018.0,8.0,20040.0,15.0,5.0,541454.0,703.0,5007.0,1159.0,139.0,74663.0,0.0,1193.0,237.0,0.0
3400893022634,2018.0,8.0,5112.0,12.0,5.0,541454.0,703.0,5007.0,1159.0,139.0,74663.0,0.0,1193.0,237.0,0.0
3400892075761,2018.0,8.0,2060.0,4.0,5.0,541454.0,703.0,5007.0,1159.0,139.0,74663.0,0.0,1193.0,237.0,0.0
3400892729589,2018.0,8.0,4160.0,4.0,5.0,541454.0,703.0,5007.0,1159.0,139.0,74663.0,0.0,1193.0,237.0,0.0
3400892508566,2018.0,8.0,50.0,1.0,5.0,541454.0,703.0,5007.0,1159.0,139.0,74663.0,0.0,1193.0,237.0,0.0
3400892697789,2018.0,8.0,1070.0,2.0,5.0,541454.0,703.0,5007.0,1159.0,139.0,74663.0,0.0,1193.0,237.0,0.0
3400891235203,2018.0,8.0,1110.0,3.0,5.0,541454.0,703.0,5007.0,1159.0,139.0,74663.0,0.0,1193.0,237.0,0.0
3400892203645,2018.0,8.0,3230.0,4.5,5.0,541454.0,703.0,5007.0,1159.0,139.0,74663.0,0.0,1193.0,237.0,0.0
3400893875490,2018.0,8.0,8265.0,11.0,5.0,541454.0,703.0,5007.0,1159.0,139.0,74663.0,0.0,1193.0,237.0,0.0
3400892065366,2018.0,9.0,5447.0,9.5,5.0,541454.0,703.0,5007.0,1159.0,139.0,74663.0,0.0,1193.0,237.0,0.0
3400892203645,2018.0,9.0,3615.0,5.0,5.0,541454.0,703.0,5007.0,1159.0,139.0,74663.0,0.0,1193.0,237.0,0.0
3400892761695,2018.0,9.0,13625.0,13.0,5.0,541454.0,703.0,5007.0,1159.0,139.0,74663.0,0.0,1193.0,237.0,0.0
3400892669236,2018.0,9.0,7200.0,21.0,5.0,541454.0,703.0,5007.0,1159.0,139.0,74663.0,0.0,1193.0,237.0,0.0
3400891235203,2018.0,9.0,1230.0,2.0,5.0,541454.0,703.0,5007.0,1159.0,139.0,74663.0,0.0,1193.0,237.0,0.0
3400892761527,2018.0,9.0,10495.0,10.0,5.0,541454.0,703.0,5007.0,1159.0,139.0,74663.0,0.0,1193.0,237.0,0.0
3400893022634,2018.0,9.0,4674.0,6.0,5.0,541454.0,703.0,5007.0,1159.0,139.0,74663.0,0.0,1193.0,237.0,0.0
3400891996128,2018.0,9.0,82760.0,24.0,5.0,541454.0,703.0,5007.0,1159.0,139.0,74663.0,0.0,1193.0,237.0,0.0
3400892729589,2018.0,9.0,5270.0,5.0,5.0,541454.0,703.0,5007.0,1159.0,139.0,74663.0,0.0,1193.0,237.0,0.0
3400893875490,2018.0,9.0,8400.0,14.5,5.0,541454.0,703.0,5007.0,1159.0,139.0,74663.0,0.0,1193.0,237.0,0.0
3400893826706,2018.0,9.0,1854.5,4.0,5.0,541454.0,703.0,5007.0,1159.0,139.0,74663.0,0.0,1193.0,237.0,0.0
3400893736135,2018.0,9.0,3920.0,10.0,5.0,541454.0,703.0,5007.0,1159.0,139.0,74663.0,0.0,1193.0,237.0,0.0
3400892075761,2018.0,9.0,1760.0,3.0,5.0,541454.0,703.0,5007.0,1159.0,139.0,74663.0,0.0,1193.0,237.0,0.0
3400890837149,2018.0,9.0,2270.0,7.0,5.0,541454.0,703.0,5007.0,1159.0,139.0,74663.0,0.0,1193.0,237.0,0.0
3400892697789,2018.0,9.0,690.0,2.0,5.0,541454.0,703.0,5007.0,1159.0,139.0,74663.0,0.0,1193.0,237.0,0.0
3400892508566,2018.0,9.0,40.0,1.0,5.0,541454.0,703.0,5007.0,1159.0,139.0,74663.0,0.0,1193.0,237.0,0.0
3400892052120,2018.0,9.0,1390.0,3.0,5.0,541454.0,703.0,5007.0,1159.0,139.0,74663.0,0.0,1193.0,237.0,0.0
3400891191226,2018.0,9.0,2750.0,5.0,5.0,541454.0,703.0,5007.0,1159.0,139.0,74663.0,0.0,1193.0,237.0,0.0
3400891225037,2018.0,9.0,15690.0,18.5,5.0,541454.0,703.0,5007.0,1159.0,139.0,74663.0,0.0,1193.0,237.0,0.0
3400892088310,2018.0,9.0,2525.0,6.5,5.0,541454.0,703.0,5007.0,1159.0,139.0,74663.0,0.0,1193.0,237.0,0.0
3400892745848,2018.0,9.0,3140.0,8.0,5.0,541454.0,703.0,5007.0,1159.0,139.0,74663.0,0.0,1193.0,237.0,0.0
3400892729589,2018.0,10.0,5840.0,5.0,5.0,541454.0,703.0,5007.0,1159.0,139.0,74663.0,0.0,1193.0,237.0,0.0
3400892697789,2018.0,10.0,930.0,1.5,5.0,541454.0,703.0,5007.0,1159.0,139.0,74663.0,0.0,1193.0,237.0,0.0
3400893736135,2018.0,10.0,4946.0,7.0,5.0,541454.0,703.0,5007.0,1159.0,139.0,74663.0,0.0,1193.0,237.0,0.0
3400891225037,2018.0,10.0,22540.0,13.0,5.0,541454.0,703.0,5007.0,1159.0,139.0,74663.0,0.0,1193.0,237.0,0.0
3400891235203,2018.0,10.0,1650.0,3.0,5.0,541454.0,703.0,5007.0,1159.0,139.0,74663.0,0.0,1193.0,237.0,0.0
3400892761527,2018.0,10.0,15060.0,11.0,5.0,541454.0,703.0,5007.0,1159.0,139.0,74663.0,0.0,1193.0,237.0,0.0
3400892052120,2018.0,10.0,2130.0,4.0,5.0,541454.0,703.0,5007.0,1159.0,139.0,74663.0,0.0,1193.0,237.0,0.0
3400891191226,2018.0,10.0,3070.0,5.0,5.0,541454.0,703.0,5007.0,1159.0,139.0,74663.0,0.0,1193.0,237.0,0.0
3400892065366,2018.0,10.0,10761.0,10.0,5.0,541454.0,703.0,5007.0,1159.0,139.0,74663.0,0.0,1193.0,237.0,0.0
3400892761695,2018.0,10.0,17274.0,12.5,5.0,541454.0,703.0,5007.0,1159.0,139.0,74663.0,0.0,1193.0,237.0,0.0
3400892203645,2018.0,10.0,4260.0,5.0,5.0,541454.0,703.0,5007.0,1159.0,139.0,74663.0,0.0,1193.0,237.0,0.0
3400893875490,2018.0,10.0,9447.0,15.5,5.0,541454.0,703.0,5007.0,1159.0,139.0,74663.0,0.0,1193.0,237.0,0.0
3400893022634,2018.0,10.0,6422.0,5.0,5.0,541454.0,703.0,5007.0,1159.0,139.0,74663.0,0.0,1193.0,237.0,0.0
3400892088310,2018.0,10.0,3121.0,9.0,5.0,541454.0,703.0,5007.0,1159.0,139.0,74663.0,0.0,1193.0,237.0,0.0
3400892508566,2018.0,10.0,20.0,1.0,5.0,541454.0,703.0,5007.0,1159.0,139.0,74663.0,0.0,1193.0,237.0,0.0
3400890837149,2018.0,10.0,2830.0,5.0,5.0,541454.0,703.0,5007.0,1159.0,139.0,74663.0,0.0,1193.0,237.0,0.0
3400892745848,2018.0,10.0,3700.0,9.0,5.0,541454.0,703.0,5007.0,1159.0,139.0,74663.0,0.0,1193.0,237.0,0.0
3400892669236,2018.0,10.0,9890.0,18.0,5.0,541454.0,703.0,5007.0,1159.0,139.0,74663.0,0.0,1193.0,237.0,0.0
3400893826706,2018.0,10.0,2276.0,5.0,5.0,541454.0,703.0,5007.0,1159.0,139.0,74663.0,0.0,1193.0,237.0,0.0
3400891996128,2018.0,10.0,76710.0,26.0,5.0,541454.0,703.0,5007.0,1159.0,139.0,74663.0,0.0,1193.0,237.0,0.0
3400892075761,2018.0,10.0,2390.0,4.0,5.0,541454.0,703.0,5007.0,1159.0,139.0,74663.0,0.0,1193.0,237.0,0.0
3400893736135,2018.0,11.0,4310.0,7.0,5.0,541454.0,703.0,5007.0,1159.0,139.0,74663.0,0.0,1193.0,237.0,0.0
3400891225037,2018.0,11.0,19570.0,15.0,5.0,541454.0,703.0,5007.0,1159.0,139.0,74663.0,0.0,1193.0,237.0,0.0
3400892761695,2018.0,11.0,16140.0,14.0,5.0,541454.0,703.0,5007.0,1159.0,139.0,74663.0,0.0,1193.0,237.0,0.0
3400891191226,2018.0,11.0,2530.0,6.0,5.0,541454.0,703.0,5007.0,1159.0,139.0,74663.0,0.0,1193.0,237.0,0.0
3400892065366,2018.0,11.0,8196.0,12.5,5.0,541454.0,703.0,5007.0,1159.0,139.0,74663.0,0.0,1193.0,237.0,0.0
3400892729589,2018.0,11.0,5720.0,4.0,5.0,541454.0,703.0,5007.0,1159.0,139.0,74663.0,0.0,1193.0,237.0,0.0
3400892203645,2018.0,11.0,3420.0,7.0,5.0,541454.0,703.0,5007.0,1159.0,139.0,74663.0,0.0,1193.0,237.0,0.0
3400893826706,2018.0,11.0,1862.0,4.0,5.0,541454.0,703.0,5007.0,1159.0,139.0,74663.0,0.0,1193.0,237.0,0.0
3400892088310,2018.0,11.0,2821.0,8.0,5.0,541454.0,703.0,5007.0,1159.0,139.0,74663.0,0.0,1193.0,237.0,0.0
3400892761527,2018.0,11.0,11612.0,11.0,5.0,541454.0,703.0,5007.0,1159.0,139.0,74663.0,0.0,1193.0,237.0,0.0
3400892697789,2018.0,11.0,820.0,2.0,5.0,541454.0,703.0,5007.0,1159.0,139.0,74663.0,0.0,1193.0,237.0,0.0
3400891996128,2018.0,11.0,57600.0,27.0,5.0,541454.0,703.0,5007.0,1159.0,139.0,74663.0,0.0,1193.0,237.0,0.0
3400892508566,2018.0,11.0,50.0,1.0,5.0,541454.0,703.0,5007.0,1159.0,139.0,74663.0,0.0,1193.0,237.0,0.0
3400890837149,2018.0,11.0,2640.0,7.0,5.0,541454.0,703.0,5007.0,1159.0,139.0,74663.0,0.0,1193.0,237.0,0.0
3400892745848,2018.0,11.0,3880.0,9.0,5.0,541454.0,703.0,5007.0,1159.0,139.0,74663.0,0.0,1193.0,237.0,0.0
3400893875490,2018.0,11.0,8136.0,12.0,5.0,541454.0,703.0,5007.0,1159.0,139.0,74663.0,0.0,1193.0,237.0,0.0
3400891235203,2018.0,11.0,1420.0,3.0,5.0,541454.0,703.0,5007.0,1159.0,139.0,74663.0,0.0,1193.0,237.0,0.0
3400892669236,2018.0,11.0,8566.0,19.0,5.0,541454.0,703.0,5007.0,1159.0,139.0,74663.0,0.0,1193.0,237.0,0.0
3400893022634,2018.0,11.0,5530.0,11.0,5.0,541454.0,703.0,5007.0,1159.0,139.0,74663.0,0.0,1193.0,237.0,0.0
3400892075761,2018.0,11.0,2300.0,4.0,5.0,541454.0,703.0,5007.0,1159.0,139.0,74663.0,0.0,1193.0,237.0,0.0
3400892052120,2018.0,11.0,1870.0,3.0,5.0,541454.0,703.0,5007.0,1159.0,139.0,74663.0,0.0,1193.0,237.0,0.0
3400892729589,2018.0,12.0,4460.0,6.0,5.0,541454.0,703.0,5007.0,1159.0,139.0,74663.0,0.0,1193.0,237.0,0.0
3400893022634,2018.0,12.0,5009.0,15.0,5.0,541454.0,703.0,5007.0,1159.0,139.0,74663.0,0.0,1193.0,237.0,0.0
3400892745848,2018.0,12.0,3740.0,7.0,5.0,541454.0,703.0,5007.0,1159.0,139.0,74663.0,0.0,1193.0,237.0,0.0
3400893736135,2018.0,12.0,3790.0,5.0,5.0,541454.0,703.0,5007.0,1159.0,139.0,74663.0,0.0,1193.0,237.0,0.0
3400892761695,2018.0,12.0,15223.0,12.0,5.0,541454.0,703.0,5007.0,1159.0,139.0,74663.0,0.0,1193.0,237.0,0.0
3400892761527,2018.0,12.0,13013.0,11.0,5.0,541454.0,703.0,5007.0,1159.0,139.0,74663.0,0.0,1193.0,237.0,0.0
3400893826706,2018.0,12.0,1857.0,6.0,5.0,541454.0,703.0,5007.0,1159.0,139.0,74663.0,0.0,1193.0,237.0,0.0
3400893875490,2018.0,12.0,8815.0,15.0,5.0,541454.0,703.0,5007.0,1159.0,139.0,74663.0,0.0,1193.0,237.0,0.0
3400892508566,2018.0,12.0,20.0,1.0,5.0,541454.0,703.0,5007.0,1159.0,139.0,74663.0,0.0,1193.0,237.0,0.0
3400892075761,2018.0,12.0,2510.0,4.0,5.0,541454.0,703.0,5007.0,1159.0,139.0,74663.0,0.0,1193.0,237.0,0.0
3400892669236,2018.0,12.0,8431.0,12.0,5.0,541454.0,703.0,5007.0,1159.0,139.0,74663.0,0.0,1193.0,237.0,0.0
3400891996128,2018.0,12.0,59240.0,31.0,5.0,541454.0,703.0,5007.0,1159.0,139.0,74663.0,0.0,1193.0,237.0,0.0
3400892203645,2018.0,12.0,4080.0,7.0,5.0,541454.0,703.0,5007.0,1159.0,139.0,74663.0,0.0,1193.0,237.0,0.0
3400891235203,2018.0,12.0,1400.0,3.0,5.0,541454.0,703.0,5007.0,1159.0,139.0,74663.0,0.0,1193.0,237.0,0.0
3400891191226,2018.0,12.0,2870.0,5.0,5.0,541454.0,703.0,5007.0,1159.0,139.0,74663.0,0.0,1193.0,237.0,0.0
3400892052120,2018.0,12.0,1470.0,3.5,5.0,541454.0,703.0,5007.0,1159.0,139.0,74663.0,0.0,1193.0,237.0,0.0
3400892697789,2018.0,12.0,1050.0,3.0,5.0,541454.0,703.0,5007.0,1159.0,139.0,74663.0,0.0,1193.0,237.0,0.0
3400892065366,2018.0,12.0,9365.0,5.0,5.0,541454.0,703.0,5007.0,1159.0,139.0,74663.0,0.0,1193.0,237.0,0.0
3400890837149,2018.0,12.0,3550.0,7.0,5.0,541454.0,703.0,5007.0,1159.0,139.0,74663.0,0.0,1193.0,237.0,0.0
3400892088310,2018.0,12.0,2797.0,9.0,5.0,541454.0,703.0,5007.0,1159.0,139.0,74663.0,0.0,1193.0,237.0,0.0
3400891225037,2018.0,12.0,17220.0,18.5,5.0,541454.0,703.0,5007.0,1159.0,139.0,74663.0,0.0,1193.0,237.0,0.0
3400892745848,2019.0,1.0,4930.0,12.0,5.0,542302.0,706.0,5013.0,1141.0,141.0,76593.0,0.0,1007.0,206.0,0.0
3400893875490,2019.0,1.0,8538.0,11.0,5.0,542302.0,706.0,5013.0,1141.0,141.0,76593.0,0.0,1007.0,206.0,0.0
3400893736135,2019.0,1.0,4293.0,7.0,5.0,542302.0,706.0,5013.0,1141.0,141.0,76593.0,0.0,1007.0,206.0,0.0
3400890837149,2019.0,1.0,2600.0,5.5,5.0,542302.0,706.0,5013.0,1141.0,141.0,76593.0,0.0,1007.0,206.0,0.0
3400893022634,2019.0,1.0,5976.0,8.0,5.0,542302.0,706.0,5013.0,1141.0,141.0,76593.0,0.0,1007.0,206.0,0.0
3400892761527,2019.0,1.0,12590.0,11.0,5.0,542302.0,706.0,5013.0,1141.0,141.0,76593.0,0.0,1007.0,206.0,0.0
3400892203645,2019.0,1.0,3915.0,6.0,5.0,542302.0,706.0,5013.0,1141.0,141.0,76593.0,0.0,1007.0,206.0,0.0
3400892669236,2019.0,1.0,10093.0,16.0,5.0,542302.0,706.0,5013.0,1141.0,141.0,76593.0,0.0,1007.0,206.0,0.0
3400892508566,2019.0,1.0,70.0,1.0,5.0,542302.0,706.0,5013.0,1141.0,141.0,76593.0,0.0,1007.0,206.0,0.0
3400891235203,2019.0,1.0,1400.0,2.0,5.0,542302.0,706.0,5013.0,1141.0,141.0,76593.0,0.0,1007.0,206.0,0.0
3400893826706,2019.0,1.0,2480.0,7.0,5.0,542302.0,706.0,5013.0,1141.0,141.0,76593.0,0.0,1007.0,206.0,0.0
3400892761695,2019.0,1.0,16905.0,14.0,5.0,542302.0,706.0,5013.0,1141.0,141.0,76593.0,0.0,1007.0,206.0,0.0
3400892729589,2019.0,1.0,4270.0,3.0,5.0,542302.0,706.0,5013.0,1141.0,141.0,76593.0,0.0,1007.0,206.0,0.0
3400891996128,2019.0,1.0,70750.0,27.0,5.0,542302.0,706.0,5013.0,1141.0,141.0,76593.0,0.0,1007.0,206.0,0.0
3400892052120,2019.0,1.0,1870.0,3.0,5.0,542302.0,706.0,5013.0,1141.0,141.0,76593.0,0.0,1007.0,206.0,0.0
3400892088310,2019.0,1.0,3299.0,8.5,5.0,542302.0,706.0,5013.0,1141.0,141.0,76593.0,0.0,1007.0,206.0,0.0
3400891225037,2019.0,1.0,21360.0,18.0,5.0,542302.0,706.0,5013.0,1141.0,141.0,76593.0,0.0,1007.0,206.0,0.0
3400892075761,2019.0,1.0,2090.0,3.5,5.0,542302.0,706.0,5013.0,1141.0,141.0,76593.0,0.0,1007.0,206.0,0.0
3400892697789,2019.0,1.0,1180.0,2.5,5.0,542302.0,706.0,5013.0,1141.0,141.0,76593.0,0.0,1007.0,206.0,0.0
3400891191226,2019.0,1.0,3140.0,5.0,5.0,542302.0,706.0,5013.0,1141.0,141.0,76593.0,0.0,1007.0,206.0,0.0
3400892065366,2019.0,1.0,8526.0,8.0,5.0,542302.0,706.0,5013.0,1141.0,141.0,76593.0,0.0,1007.0,206.0,0.0
3400891191226,2019.0,2.0,3340.0,6.0,5.0,542302.0,706.0,5013.0,1141.0,141.0,76593.0,0.0,1007.0,206.0,0.0
3400893022634,2019.0,2.0,5346.0,6.0,5.0,542302.0,706.0,5013.0,1141.0,141.0,76593.0,0.0,1007.0,206.0,0.0
3400892508566,2019.0,2.0,70.0,1.0,5.0,542302.0,706.0,5013.0,1141.0,141.0,76593.0,0.0,1007.0,206.0,0.0
3400892745848,2019.0,2.0,5010.0,11.0,5.0,542302.0,706.0,5013.0,1141.0,141.0,76593.0,0.0,1007.0,206.0,0.0
3400892052120,2019.0,2.0,1600.0,3.0,5.0,542302.0,706.0,5013.0,1141.0,141.0,76593.0,0.0,1007.0,206.0,0.0
3400890837149,2019.0,2.0,2750.0,7.0,5.0,542302.0,706.0,5013.0,1141.0,141.0,76593.0,0.0,1007.0,206.0,0.0
3400892203645,2019.0,2.0,3540.0,6.0,5.0,542302.0,706.0,5013.0,1141.0,141.0,76593.0,0.0,1007.0,206.0,0.0
3400893875490,2019.0,2.0,8838.0,14.5,5.0,542302.0,706.0,5013.0,1141.0,141.0,76593.0,0.0,1007.0,206.0,0.0
3400892669236,2019.0,2.0,8126.0,14.0,5.0,542302.0,706.0,5013.0,1141.0,141.0,76593.0,0.0,1007.0,206.0,0.0
3400892075761,2019.0,2.0,2340.0,5.0,5.0,542302.0,706.0,5013.0,1141.0,141.0,76593.0,0.0,1007.0,206.0,0.0
3400893826706,2019.0,2.0,1776.0,6.0,5.0,542302.0,706.0,5013.0,1141.0,141.0,76593.0,0.0,1007.0,206.0,0.0
3400892697789,2019.0,2.0,950.0,2.5,5.0,542302.0,706.0,5013.0,1141.0,141.0,76593.0,0.0,1007.0,206.0,0.0
3400891225037,2019.0,2.0,19920.0,20.0,5.0,542302.0,706.0,5013.0,1141.0,141.0,76593.0,0.0,1007.0,206.0,0.0
3400892088310,2019.0,2.0,2889.0,9.0,5.0,542302.0,706.0,5013.0,1141.0,141.0,76593.0,0.0,1007.0,206.0,0.0
3400891996128,2019.0,2.0,94080.0,27.0,5.0,542302.0,706.0,5013.0,1141.0,141.0,76593.0,0.0,1007.0,206.0,0.0
3400892761695,2019.0,2.0,14885.0,14.0,5.0,542302.0,706.0,5013.0,1141.0,141.0,76593.0,0.0,1007.0,206.0,0.0
3400892729589,2019.0,2.0,4830.0,3.5,5.0,542302.0,706.0,5013.0,1141.0,141.0,76593.0,0.0,1007.0,206.0,0.0
3400891235203,2019.0,2.0,1260.0,4.0,5.0,542302.0,706.0,5013.0,1141.0,141.0,76593.0,0.0,1007.0,206.0,0.0
3400892761527,2019.0,2.0,12250.0,11.0,5.0,542302.0,706.0,5013.0,1141.0,141.0,76593.0,0.0,1007.0,206.0,0.0
3400893736135,2019.0,2.0,4350.0,7.0,5.0,542302.0,706.0,5013.0,1141.0,141.0,76593.0,0.0,1007.0,206.0,0.0
3400892065366,2019.0,2.0,7823.0,13.0,5.0,542302.0,706.0,5013.0,1141.0,141.0,76593.0,0.0,1007.0,206.0,0.0
3400892761695,2019.0,3.0,15779.0,12.0,5.0,542302.0,706.0,5013.0,1141.0,141.0,76593.0,0.0,1007.0,206.0,0.0
3400892052120,2019.0,3.0,2090.0,3.0,5.0,542302.0,706.0,5013.0,1141.0,141.0,76593.0,0.0,1007.0,206.0,0.0
3400890837149,2019.0,3.0,2690.0,6.0,5.0,542302.0,706.0,5013.0,1141.0,141.0,76593.0,0.0,1007.0,206.0,0.0
3400892761527,2019.0,3.0,12709.0,11.0,5.0,542302.0,706.0,5013.0,1141.0,141.0,76593.0,0.0,1007.0,206.0,0.0
3400892088310,2019.0,3.0,2834.0,9.0,5.0,542302.0,706.0,5013.0,1141.0,141.0,76593.0,0.0,1007.0,206.0,0.0
3400892075761,2019.0,3.0,2300.0,6.0,5.0,542302.0,706.0,5013.0,1141.0,141.0,76593.0,0.0,1007.0,206.0,0.0
3400892203645,2019.0,3.0,3330.0,3.5,5.0,542302.0,706.0,5013.0,1141.0,141.0,76593.0,0.0,1007.0,206.0,0.0
3400892065366,2019.0,3.0,8875.0,9.0,5.0,542302.0,706.0,5013.0,1141.0,141.0,76593.0,0.0,1007.0,206.0,0.0
3400892745848,2019.0,3.0,4740.0,8.0,5.0,542302.0,706.0,5013.0,1141.0,141.0,76593.0,0.0,1007.0,206.0,0.0
3400891191226,2019.0,3.0,3220.0,5.5,5.0,542302.0,706.0,5013.0,1141.0,141.0,76593.0,0.0,1007.0,206.0,0.0
3400893826706,2019.0,3.0,2120.0,4.5,5.0,542302.0,706.0,5013.0,1141.0,141.0,76593.0,0.0,1007.0,206.0,0.0
3400892697789,2019.0,3.0,930.0,2.0,5.0,542302.0,706.0,5013.0,1141.0,141.0,76593.0,0.0,1007.0,206.0,0.0
3400891225037,2019.0,3.0,21140.0,19.0,5.0,542302.0,706.0,5013.0,1141.0,141.0,76593.0,0.0,1007.0,206.0,0.0
3400892729589,2019.0,3.0,5170.0,6.0,5.0,542302.0,706.0,5013.0,1141.0,141.0,76593.0,0.0,1007.0,206.0,0.0
3400891235203,2019.0,3.0,1590.0,4.0,5.0,542302.0,706.0,5013.0,1141.0,141.0,76593.0,0.0,1007.0,206.0,0.0
3400893875490,2019.0,3.0,8043.0,10.0,5.0,542302.0,706.0,5013.0,1141.0,141.0,76593.0,0.0,1007.0,206.0,0.0
3400892669236,2019.0,3.0,9422.0,10.0,5.0,542302.0,706.0,5013.0,1141.0,141.0,76593.0,0.0,1007.0,206.0,0.0
3400891996128,2019.0,3.0,62450.0,27.5,5.0,542302.0,706.0,5013.0,1141.0,141.0,76593.0,0.0,1007.0,206.0,0.0
3400893736135,2019.0,3.0,4167.0,6.0,5.0,542302.0,706.0,5013.0,1141.0,141.0,76593.0,0.0,1007.0,206.0,0.0
3400893022634,2019.0,3.0,5080.0,12.5,5.0,542302.0,706.0,5013.0,1141.0,141.0,76593.0,0.0,1007.0,206.0,0.0
3400892508566,2019.0,3.0,20.0,1.0,5.0,542302.0,706.0,5013.0,1141.0,141.0,76593.0,0.0,1007.0,206.0,0.0
3400892065366,2019.0,4.0,9982.0,9.0,5.0,542302.0,706.0,5013.0,1141.0,141.0,76593.0,0.0,1007.0,206.0,0.0
3400892075761,2019.0,4.0,2650.0,5.0,5.0,542302.0,706.0,5013.0,1141.0,141.0,76593.0,0.0,1007.0,206.0,0.0
3400892729589,2019.0,4.0,4790.0,4.0,5.0,542302.0,706.0,5013.0,1141.0,141.0,76593.0,0.0,1007.0,206.0,0.0
3400892052120,2019.0,4.0,1860.0,4.0,5.0,542302.0,706.0,5013.0,1141.0,141.0,76593.0,0.0,1007.0,206.0,0.0
3400892761695,2019.0,4.0,13098.0,13.0,5.0,542302.0,706.0,5013.0,1141.0,141.0,76593.0,0.0,1007.0,206.0,0.0
3400892745848,2019.0,4.0,4360.0,6.0,5.0,542302.0,706.0,5013.0,1141.0,141.0,76593.0,0.0,1007.0,206.0,0.0
3400892508566,2019.0,4.0,50.0,1.0,5.0,542302.0,706.0,5013.0,1141.0,141.0,76593.0,0.0,1007.0,206.0,0.0
3400892761527,2019.0,4.0,12070.0,11.0,5.0,542302.0,706.0,5013.0,1141.0,141.0,76593.0,0.0,1007.0,206.0,0.0
3400891235203,2019.0,4.0,1210.0,4.0,5.0,542302.0,706.0,5013.0,1141.0,141.0,76593.0,0.0,1007.0,206.0,0.0
3400893022634,2019.0,4.0,5838.0,10.0,5.0,542302.0,706.0,5013.0,1141.0,141.0,76593.0,0.0,1007.0,206.0,0.0
3400893736135,2019.0,4.0,4785.0,7.0,5.0,542302.0,706.0,5013.0,1141.0,141.0,76593.0,0.0,1007.0,206.0,0.0
3400892088310,2019.0,4.0,2861.0,5.5,5.0,542302.0,706.0,5013.0,1141.0,141.0,76593.0,0.0,1007.0,206.0,0.0
3400892697789,2019.0,4.0,660.0,1.5,5.0,542302.0,706.0,5013.0,1141.0,141.0,76593.0,0.0,1007.0,206.0,0.0
3400892669236,2019.0,4.0,8126.0,12.0,5.0,542302.0,706.0,5013.0,1141.0,141.0,76593.0,0.0,1007.0,206.0,0.0
3400893875490,2019.0,4.0,9292.0,13.5,5.0,542302.0,706.0,5013.0,1141.0,141.0,76593.0,0.0,1007.0,206.0,0.0
3400891996128,2019.0,4.0,74790.0,26.5,5.0,542302.0,706.0,5013.0,1141.0,141.0,76593.0,0.0,1007.0,206.0,0.0
3400893826706,2019.0,4.0,2103.0,5.0,5.0,542302.0,706.0,5013.0,1141.0,141.0,76593.0,0.0,1007.0,206.0,0.0
3400891191226,2019.0,4.0,2810.0,4.5,5.0,542302.0,706.0,5013.0,1141.0,141.0,76593.0,0.0,1007.0,206.0,0.0
3400891225037,2019.0,4.0,18290.0,20.0,5.0,542302.0,706.0,5013.0,1141.0,141.0,76593.0,0.0,1007.0,206.0,0.0
3400890837149,2019.0,4.0,3050.0,9.5,5.0,542302.0,706.0,5013.0,1141.0,141.0,76593.0,0.0,1007.0,206.0,0.0
3400893826706,2019.0,5.0,2027.0,5.0,5.0,542302.0,706.0,5013.0,1141.0,141.0,76593.0,0.0,1007.0,206.0,0.0
3400893022634,2019.0,5.0,5448.0,6.0,5.0,542302.0,706.0,5013.0,1141.0,141.0,76593.0,0.0,1007.0,206.0,0.0
3400892761695,2019.0,5.0,16267.0,13.0,5.0,542302.0,706.0,5013.0,1141.0,141.0,76593.0,0.0,1007.0,206.0,0.0
3400893736135,2019.0,5.0,4540.0,9.0,5.0,542302.0,706.0,5013.0,1141.0,141.0,76593.0,0.0,1007.0,206.0,0.0
3400892052120,2019.0,5.0,1270.0,2.0,5.0,542302.0,706.0,5013.0,1141.0,141.0,76593.0,0.0,1007.0,206.0,0.0
3400891235203,2019.0,5.0,1310.0,3.0,5.0,542302.0,706.0,5013.0,1141.0,141.0,76593.0,0.0,1007.0,206.0,0.0
3400891996128,2019.0,5.0,59620.0,28.0,5.0,542302.0,706.0,5013.0,1141.0,141.0,76593.0,0.0,1007.0,206.0,0.0
3400891191226,2019.0,5.0,2030.0,3.0,5.0,542302.0,706.0,5013.0,1141.0,141.0,76593.0,0.0,1007.0,206.0,0.0
3400891225037,2019.0,5.0,14470.0,10.0,5.0,542302.0,706.0,5013.0,1141.0,141.0,76593.0,0.0,1007.0,206.0,0.0
3400892075761,2019.0,5.0,1990.0,3.0,5.0,542302.0,706.0,5013.0,1141.0,141.0,76593.0,0.0,1007.0,206.0,0.0
3400892065366,2019.0,5.0,5719.0,6.0,5.0,542302.0,706.0,5013.0,1141.0,141.0,76593.0,0.0,1007.0,206.0,0.0
3400892729589,2019.0,5.0,3610.0,5.0,5.0,542302.0,706.0,5013.0,1141.0,141.0,76593.0,0.0,1007.0,206.0,0.0
3400892745848,2019.0,5.0,3390.0,6.0,5.0,542302.0,706.0,5013.0,1141.0,141.0,76593.0,0.0,1007.0,206.0,0.0
3400892508566,2019.0,5.0,40.0,1.0,5.0,542302.0,706.0,5013.0,1141.0,141.0,76593.0,0.0,1007.0,206.0,0.0
3400893875490,2019.0,5.0,7822.0,9.0,5.0,542302.0,706.0,5013.0,1141.0,141.0,76593.0,0.0,1007.0,206.0,0.0
3400890837149,2019.0,5.0,2650.0,4.0,5.0,542302.0,706.0,5013.0,1141.0,141.0,76593.0,0.0,1007.0,206.0,0.0
3400892697789,2019.0,5.0,570.0,2.0,5.0,542302.0,706.0,5013.0,1141.0,141.0,76593.0,0.0,1007.0,206.0,0.0
3400892088310,2019.0,5.0,2308.0,5.0,5.0,542302.0,706.0,5013.0,1141.0,141.0,76593.0,0.0,1007.0,206.0,0.0
3400892669236,2019.0,5.0,8607.0,6.5,5.0,542302.0,706.0,5013.0,1141.0,141.0,76593.0,0.0,1007.0,206.0,0.0
3400892761527,2019.0,5.0,11530.0,11.0,5.0,542302.0,706.0,5013.0,1141.0,141.0,76593.0,0.0,1007.0,206.0,0.0
3400892203645,2019.0,5.0,3330.0,7.0,5.0,542302.0,706.0,5013.0,1141.0,141.0,76593.0,0.0,1007.0,206.0,0.0
3400892745848,2019.0,6.0,3210.0,7.0,5.0,542302.0,706.0,5013.0,1141.0,141.0,76593.0,0.0,1007.0,206.0,0.0
3400891191226,2019.0,6.0,1590.0,3.0,5.0,542302.0,706.0,5013.0,1141.0,141.0,76593.0,0.0,1007.0,206.0,0.0
3400892065366,2019.0,6.0,5154.0,10.0,5.0,542302.0,706.0,5013.0,1141.0,141.0,76593.0,0.0,1007.0,206.0,0.0
3400893826706,2019.0,6.0,1646.0,5.0,5.0,542302.0,706.0,5013.0,1141.0,141.0,76593.0,0.0,1007.0,206.0,0.0
3400892508566,2019.0,6.0,50.0,1.0,5.0,542302.0,706.0,5013.0,1141.0,141.0,76593.0,0.0,1007.0,206.0,0.0
3400892088310,2019.0,6.0,2070.0,6.0,5.0,542302.0,706.0,5013.0,1141.0,141.0,76593.0,0.0,1007.0,206.0,0.0
3400891996128,2019.0,6.0,54940.0,24.0,5.0,542302.0,706.0,5013.0,1141.0,141.0,76593.0,0.0,1007.0,206.0,0.0
3400893875490,2019.0,6.0,8537.5,10.0,5.0,542302.0,706.0,5013.0,1141.0,141.0,76593.0,0.0,1007.0,206.0,0.0
3400891235203,2019.0,6.0,1170.0,3.0,5.0,542302.0,706.0,5013.0,1141.0,141.0,76593.0,0.0,1007.0,206.0,0.0
3400892761527,2019.0,6.0,11116.0,10.0,5.0,542302.0,706.0,5013.0,1141.0,141.0,76593.0,0.0,1007.0,206.0,0.0
3400892761695,2019.0,6.0,13950.0,14.0,5.0,542302.0,706.0,5013.0,1141.0,141.0,76593.0,0.0,1007.0,206.0,0.0
3400893022634,2019.0,6.0,5859.0,6.0,5.0,542302.0,706.0,5013.0,1141.0,141.0,76593.0,0.0,1007.0,206.0,0.0
3400893736135,2019.0,6.0,3222.0,6.5,5.0,542302.0,706.0,5013.0,1141.0,141.0,76593.0,0.0,1007.0,206.0,0.0
3400892052120,2019.0,6.0,1180.0,3.0,5.0,542302.0,706.0,5013.0,1141.0,141.0,76593.0,0.0,1007.0,206.0,0.0
3400892729589,2019.0,6.0,3810.0,4.0,5.0,542302.0,706.0,5013.0,1141.0,141.0,76593.0,0.0,1007.0,206.0,0.0
3400892203645,2019.0,6.0,2670.0,3.0,5.0,542302.0,706.0,5013.0,1141.0,141.0,76593.0,0.0,1007.0,206.0,0.0
3400891225037,2019.0,6.0,10560.0,8.5,5.0,542302.0,706.0,5013.0,1141.0,141.0,76593.0,0.0,1007.0,206.0,0.0
3400890837149,2019.0,6.0,2350.0,5.0,5.0,542302.0,706.0,5013.0,1141.0,141.0,76593.0,0.0,1007.0,206.0,0.0
3400892697789,2019.0,6.0,650.0,2.0,5.0,542302.0,706.0,5013.0,1141.0,141.0,76593.0,0.0,1007.0,206.0,0.0
3400892669236,2019.0,6.0,7628.0,15.5,5.0,542302.0,706.0,5013.0,1141.0,141.0,76593.0,0.0,1007.0,206.0,0.0
3400892075761,2019.0,6.0,1450.0,4.0,5.0,542302.0,706.0,5013.0,1141.0,141.0,76593.0,0.0,1007.0,206.0,0.0
3400892508566,2019.0,7.0,50.0,1.0,5.0,542302.0,706.0,5013.0,1141.0,141.0,76593.0,0.0,1007.0,206.0,0.0
3400893022634,2019.0,7.0,4203.0,12.0,5.0,542302.0,706.0,5013.0,1141.0,141.0,76593.0,0.0,1007.0,206.0,0.0
3400891191226,2019.0,7.0,2230.0,3.0,5.0,542302.0,706.0,5013.0,1141.0,141.0,76593.0,0.0,1007.0,206.0,0.0
3400891235203,2019.0,7.0,900.0,2.0,5.0,542302.0,706.0,5013.0,1141.0,141.0,76593.0,0.0,1007.0,206.0,0.0
3400892669236,2019.0,7.0,7986.0,15.0,5.0,542302.0,706.0,5013.0,1141.0,141.0,76593.0,0.0,1007.0,206.0,0.0
3400893875490,2019.0,7.0,7691.0,11.0,5.0,542302.0,706.0,5013.0,1141.0,141.0,76593.0,0.0,1007.0,206.0,0.0
3400893736135,2019.0,7.0,4318.0,6.0,5.0,542302.0,706.0,5013.0,1141.0,141.0,76593.0,0.0,1007.0,206.0,0.0
3400892729589,2019.0,7.0,3650.0,5.0,5.0,542302.0,706.0,5013.0,1141.0,141.0,76593.0,0.0,1007.0,206.0,0.0
3400891225037,2019.0,7.0,14610.0,10.0,5.0,542302.0,706.0,5013.0,1141.0,141.0,76593.0,0.0,1007.0,206.0,0.0
3400893826706,2019.0,7.0,2083.0,5.5,5.0,542302.0,706.0,5013.0,1141.0,141.0,76593.0,0.0,1007.0,206.0,0.0
3400892697789,2019.0,7.0,535.0,2.0,5.0,542302.0,706.0,5013.0,1141.0,141.0,76593.0,0.0,1007.0,206.0,0.0
3400891996128,2019.0,7.0,64630.0,24.0,5.0,542302.0,706.0,5013.0,1141.0,141.0,76593.0,0.0,1007.0,206.0,0.0
3400892745848,2019.0,7.0,2930.0,6.5,5.0,542302.0,706.0,5013.0,1141.0,141.0,76593.0,0.0,1007.0,206.0,0.0
3400892075761,2019.0,7.0,1540.0,4.0,5.0,542302.0,706.0,5013.0,1141.0,141.0,76593.0,0.0,1007.0,206.0,0.0
3400892088310,2019.0,7.0,2442.0,4.0,5.0,542302.0,706.0,5013.0,1141.0,141.0,76593.0,0.0,1007.0,206.0,0.0
3400890837149,2019.0,7.0,2410.0,5.0,5.0,542302.0,706.0,5013.0,1141.0,141.0,76593.0,0.0,1007.0,206.0,0.0
3400892761527,2019.0,7.0,12990.0,12.0,5.0,542302.0,706.0,5013.0,1141.0,141.0,76593.0,0.0,1007.0,206.0,0.0
3400892203645,2019.0,7.0,2715.0,3.5,5.0,542302.0,706.0,5013.0,1141.0,141.0,76593.0,0.0,1007.0,206.0,0.0
3400892052120,2019.0,7.0,1470.0,4.0,5.0,542302.0,706.0,5013.0,1141.0,141.0,76593.0,0.0,1007.0,206.0,0.0
3400892761695,2019.0,7.0,15740.0,14.0,5.0,542302.0,706.0,5013.0,1141.0,141.0,76593.0,0.0,1007.0,206.0,0.0
3400892065366,2019.0,7.0,4992.0,7.0,5.0,542302.0,706.0,5013.0,1141.0,141.0,76593.0,0.0,1007.0,206.0,0.0
3400893875490,2019.0,8.0,7152.0,13.0,5.0,542302.0,706.0,5013.0,1141.0,141.0,76593.0,0.0,1007.0,206.0,0.0
3400892065366,2019.0,8.0,4712.0,10.0,5.0,542302.0,706.0,5013.0,1141.0,141.0,76593.0,0.0,1007.0,206.0,0.0
3400892729589,2019.0,8.0,3270.0,3.0,5.0,542302.0,706.0,5013.0,1141.0,141.0,76593.0,0.0,1007.0,206.0,0.0
3400892761695,2019.0,8.0,14620.0,10.5,5.0,542302.0,706.0,5013.0,1141.0,141.0,76593.0,0.0,1007.0,206.0,0.0
3400891225037,2019.0,8.0,13030.0,15.0,5.0,542302.0,706.0,5013.0,1141.0,141.0,76593.0,0.0,1007.0,206.0,0.0
3400892669236,2019.0,8.0,6752.0,10.5,5.0,542302.0,706.0,5013.0,1141.0,141.0,76593.0,0.0,1007.0,206.0,0.0
3400892761527,2019.0,8.0,10670.0,9.0,5.0,542302.0,706.0,5013.0,1141.0,141.0,76593.0,0.0,1007.0,206.0,0.0
3400891191226,2019.0,8.0,2010.0,3.0,5.0,542302.0,706.0,5013.0,1141.0,141.0,76593.0,0.0,1007.0,206.0,0.0
3400891235203,2019.0,8.0,1020.0,3.0,5.0,542302.0,706.0,5013.0,1141.0,141.0,76593.0,0.0,1007.0,206.0,0.0
3400890837149,2019.0,8.0,2530.0,5.0,5.0,542302.0,706.0,5013.0,1141.0,141.0,76593.0,0.0,1007.0,206.0,0.0
3400892508566,2019.0,8.0,50.0,1.0,5.0,542302.0,706.0,5013.0,1141.0,141.0,76593.0,0.0,1007.0,206.0,0.0
3400893736135,2019.0,8.0,3140.0,8.0,5.0,542302.0,706.0,5013.0,1141.0,141.0,76593.0,0.0,1007.0,206.0,0.0
3400892745848,2019.0,8.0,2410.0,5.0,5.0,542302.0,706.0,5013.0,1141.0,141.0,76593.0,0.0,1007.0,206.0,0.0
3400891996128,2019.0,8.0,48130.0,25.0,5.0,542302.0,706.0,5013.0,1141.0,141.0,76593.0,0.0,1007.0,206.0,0.0
3400892697789,2019.0,8.0,410.0,2.0,5.0,542302.0,706.0,5013.0,1141.0,141.0,76593.0,0.0,1007.0,206.0,0.0
3400892203645,2019.0,8.0,2365.0,4.5,5.0,542302.0,706.0,5013.0,1141.0,141.0,76593.0,0.0,1007.0,206.0,0.0
3400892052120,2019.0,8.0,1180.0,2.0,5.0,542302.0,706.0,5013.0,1141.0,141.0,76593.0,0.0,1007.0,206.0,0.0
3400893826706,2019.0,8.0,1773.0,5.0,5.0,542302.0,706.0,5013.0,1141.0,141.0,76593.0,0.0,1007.0,206.0,0.0
3400893022634,2019.0,8.0,4299.0,6.0,5.0,542302.0,706.0,5013.0,1141.0,141.0,76593.0,0.0,1007.0,206.0,0.0
3400892088310,2019.0,8.0,1910.0,5.5,5.0,542302.0,706.0,5013.0,1141.0,141.0,76593.0,0.0,1007.0,206.0,0.0
3400892075761,2019.0,8.0,2120.0,5.0,5.0,542302.0,706.0,5013.0,1141.0,141.0,76593.0,0.0,1007.0,206.0,0.0
3400892697789,2019.0,9.0,570.0,2.0,5.0,542302.0,706.0,5013.0,1141.0,141.0,76593.0,0.0,1007.0,206.0,0.0
3400893736135,2019.0,9.0,3233.0,6.0,5.0,542302.0,706.0,5013.0,1141.0,141.0,76593.0,0.0,1007.0,206.0,0.0
3400892075761,2019.0,9.0,2105.0,4.0,5.0,542302.0,706.0,5013.0,1141.0,141.0,76593.0,0.0,1007.0,206.0,0.0
3400892065366,2019.0,9.0,4551.0,10.0,5.0,542302.0,706.0,5013.0,1141.0,141.0,76593.0,0.0,1007.0,206.0,0.0
3400893826706,2019.0,9.0,1782.0,6.0,5.0,542302.0,706.0,5013.0,1141.0,141.0,76593.0,0.0,1007.0,206.0,0.0
3400891225037,2019.0,9.0,14620.0,13.5,5.0,542302.0,706.0,5013.0,1141.0,141.0,76593.0,0.0,1007.0,206.0,0.0
3400893875490,2019.0,9.0,8153.0,15.0,5.0,542302.0,706.0,5013.0,1141.0,141.0,76593.0,0.0,1007.0,206.0,0.0
3400892669236,2019.0,9.0,7464.0,21.0,5.0,542302.0,706.0,5013.0,1141.0,141.0,76593.0,0.0,1007.0,206.0,0.0
3400892729589,2019.0,9.0,3230.0,4.0,5.0,542302.0,706.0,5013.0,1141.0,141.0,76593.0,0.0,1007.0,206.0,0.0
3400891191226,2019.0,9.0,1770.0,3.5,5.0,542302.0,706.0,5013.0,1141.0,141.0,76593.0,0.0,1007.0,206.0,0.0
3400892745848,2019.0,9.0,2230.0,5.0,5.0,542302.0,706.0,5013.0,1141.0,141.0,76593.0,0.0,1007.0,206.0,0.0
3400892761527,2019.0,9.0,11045.0,9.0,5.0,542302.0,706.0,5013.0,1141.0,141.0,76593.0,0.0,1007.0,206.0,0.0
3400892203645,2019.0,9.0,2460.0,4.0,5.0,542302.0,706.0,5013.0,1141.0,141.0,76593.0,0.0,1007.0,206.0,0.0
3400893022634,2019.0,9.0,5295.0,13.0,5.0,542302.0,706.0,5013.0,1141.0,141.0,76593.0,0.0,1007.0,206.0,0.0
3400892052120,2019.0,9.0,1290.0,3.0,5.0,542302.0,706.0,5013.0,1141.0,141.0,76593.0,0.0,1007.0,206.0,0.0
3400891996128,2019.0,9.0,61100.0,27.5,5.0,542302.0,706.0,5013.0,1141.0,141.0,76593.0,0.0,1007.0,206.0,0.0
3400892088310,2019.0,9.0,2511.0,7.0,5.0,542302.0,706.0,5013.0,1141.0,141.0,76593.0,0.0,1007.0,206.0,0.0
3400890837149,2019.0,9.0,2690.0,5.5,5.0,542302.0,706.0,5013.0,1141.0,141.0,76593.0,0.0,1007.0,206.0,0.0
3400892508566,2019.0,9.0,70.0,1.0,5.0,542302.0,706.0,5013.0,1141.0,141.0,76593.0,0.0,1007.0,206.0,0.0
3400891235203,2019.0,9.0,1037.0,3.0,5.0,542302.0,706.0,5013.0,1141.0,141.0,76593.0,0.0,1007.0,206.0,0.0
3400892761695,2019.0,9.0,15000.0,12.0,5.0,542302.0,706.0,5013.0,1141.0,141.0,76593.0,0.0,1007.0,206.0,0.0
3400892761695,2019.0,10.0,14600.0,12.0,5.0,542302.0,706.0,5013.0,1141.0,141.0,76593.0,0.0,1007.0,206.0,0.0
3400892697789,2019.0,10.0,650.0,2.0,5.0,542302.0,706.0,5013.0,1141.0,141.0,76593.0,0.0,1007.0,206.0,0.0
3400892203645,2019.0,10.0,3330.0,4.5,5.0,542302.0,706.0,5013.0,1141.0,141.0,76593.0,0.0,1007.0,206.0,0.0
3400892729589,2019.0,10.0,3170.0,4.0,5.0,542302.0,706.0,5013.0,1141.0,141.0,76593.0,0.0,1007.0,206.0,0.0
3400893736135,2019.0,10.0,4061.0,7.0,5.0,542302.0,706.0,5013.0,1141.0,141.0,76593.0,0.0,1007.0,206.0,0.0
3400893022634,2019.0,10.0,5730.0,5.5,5.0,542302.0,706.0,5013.0,1141.0,141.0,76593.0,0.0,1007.0,206.0,0.0
3400891191226,2019.0,10.0,2250.0,3.5,5.0,542302.0,706.0,5013.0,1141.0,141.0,76593.0,0.0,1007.0,206.0,0.0
3400892745848,2019.0,10.0,3290.0,5.0,5.0,542302.0,706.0,5013.0,1141.0,141.0,76593.0,0.0,1007.0,206.0,0.0
3400892052120,2019.0,10.0,1330.0,2.0,5.0,542302.0,706.0,5013.0,1141.0,141.0,76593.0,0.0,1007.0,206.0,0.0
3400892075761,2019.0,10.0,1860.0,3.0,5.0,542302.0,706.0,5013.0,1141.0,141.0,76593.0,0.0,1007.0,206.0,0.0
3400892088310,2019.0,10.0,2381.0,8.0,5.0,542302.0,706.0,5013.0,1141.0,141.0,76593.0,0.0,1007.0,206.0,0.0
3400893875490,2019.0,10.0,8581.0,12.0,5.0,542302.0,706.0,5013.0,1141.0,141.0,76593.0,0.0,1007.0,206.0,0.0
3400892669236,2019.0,10.0,8342.0,17.5,5.0,542302.0,706.0,5013.0,1141.0,141.0,76593.0,0.0,1007.0,206.0,0.0
3400892761527,2019.0,10.0,13210.0,10.0,5.0,542302.0,706.0,5013.0,1141.0,141.0,76593.0,0.0,1007.0,206.0,0.0
3400892065366,2019.0,10.0,5689.0,8.0,5.0,542302.0,706.0,5013.0,1141.0,141.0,76593.0,0.0,1007.0,206.0,0.0
3400892508566,2019.0,10.0,30.0,1.0,5.0,542302.0,706.0,5013.0,1141.0,141.0,76593.0,0.0,1007.0,206.0,0.0
3400891225037,2019.0,10.0,14080.0,15.5,5.0,542302.0,706.0,5013.0,1141.0,141.0,76593.0,0.0,1007.0,206.0,0.0
3400890837149,2019.0,10.0,3200.0,5.0,5.0,542302.0,706.0,5013.0,1141.0,141.0,76593.0,0.0,1007.0,206.0,0.0
3400893826706,2019.0,10.0,2168.0,4.0,5.0,542302.0,706.0,5013.0,1141.0,141.0,76593.0,0.0,1007.0,206.0,0.0
3400891235203,2019.0,10.0,1350.0,2.0,5.0,542302.0,706.0,5013.0,1141.0,141.0,76593.0,0.0,1007.0,206.0,0.0
3400891996128,2019.0,10.0,65300.0,27.5,5.0,542302.0,706.0,5013.0,1141.0,141.0,76593.0,0.0,1007.0,206.0,0.0
3400893826706,2019.0,11.0,1761.0,5.0,5.0,542302.0,706.0,5013.0,1141.0,141.0,76593.0,0.0,1007.0,206.0,0.0
3400890837149,2019.0,11.0,2150.0,5.0,5.0,542302.0,706.0,5013.0,1141.0,141.0,76593.0,0.0,1007.0,206.0,0.0
3400892697789,2019.0,11.0,320.0,1.0,5.0,542302.0,706.0,5013.0,1141.0,141.0,76593.0,0.0,1007.0,206.0,0.0
3400892052120,2019.0,11.0,1500.0,3.0,5.0,542302.0,706.0,5013.0,1141.0,141.0,76593.0,0.0,1007.0,206.0,0.0
3400892203645,2019.0,11.0,3505.0,6.5,5.0,542302.0,706.0,5013.0,1141.0,141.0,76593.0,0.0,1007.0,206.0,0.0
3400892075761,2019.0,11.0,2210.0,6.0,5.0,542302.0,706.0,5013.0,1141.0,141.0,76593.0,0.0,1007.0,206.0,0.0
3400891191226,2019.0,11.0,2160.0,4.0,5.0,542302.0,706.0,5013.0,1141.0,141.0,76593.0,0.0,1007.0,206.0,0.0
3400892065366,2019.0,11.0,5489.0,9.0,5.0,542302.0,706.0,5013.0,1141.0,141.0,76593.0,0.0,1007.0,206.0,0.0
3400892761695,2019.0,11.0,13270.0,13.0,5.0,542302.0,706.0,5013.0,1141.0,141.0,76593.0,0.0,1007.0,206.0,0.0
3400892745848,2019.0,11.0,3330.0,9.5,5.0,542302.0,706.0,5013.0,1141.0,141.0,76593.0,0.0,1007.0,206.0,0.0
3400893875490,2019.0,11.0,7599.0,13.0,5.0,542302.0,706.0,5013.0,1141.0,141.0,76593.0,0.0,1007.0,206.0,0.0
3400892761527,2019.0,11.0,11850.0,11.0,5.0,542302.0,706.0,5013.0,1141.0,141.0,76593.0,0.0,1007.0,206.0,0.0
3400892508566,2019.0,11.0,30.0,1.0,5.0,542302.0,706.0,5013.0,1141.0,141.0,76593.0,0.0,1007.0,206.0,0.0
3400892088310,2019.0,11.0,2681.0,5.0,5.0,542302.0,706.0,5013.0,1141.0,141.0,76593.0,0.0,1007.0,206.0,0.0
3400893022634,2019.0,11.0,4725.0,9.0,5.0,542302.0,706.0,5013.0,1141.0,141.0,76593.0,0.0,1007.0,206.0,0.0
3400891235203,2019.0,11.0,900.0,3.5,5.0,542302.0,706.0,5013.0,1141.0,141.0,76593.0,0.0,1007.0,206.0,0.0
3400893736135,2019.0,11.0,3270.0,6.0,5.0,542302.0,706.0,5013.0,1141.0,141.0,76593.0,0.0,1007.0,206.0,0.0
3400892729589,2019.0,11.0,3890.0,5.0,5.0,542302.0,706.0,5013.0,1141.0,141.0,76593.0,0.0,1007.0,206.0,0.0
3400892669236,2019.0,11.0,8010.0,18.0,5.0,542302.0,706.0,5013.0,1141.0,141.0,76593.0,0.0,1007.0,206.0,0.0
3400891225037,2019.0,11.0,13290.0,11.0,5.0,542302.0,706.0,5013.0,1141.0,141.0,76593.0,0.0,1007.0,206.0,0.0
3400891996128,2019.0,11.0,60370.0,25.0,5.0,542302.0,706.0,5013.0,1141.0,141.0,76593.0,0.0,1007.0,206.0,0.0
3400892508566,2019.0,12.0,20.0,1.0,5.0,542302.0,706.0,5013.0,1141.0,141.0,76593.0,0.0,1007.0,206.0,0.0
3400892729589,2019.0,12.0,2570.0,2.0,5.0,542302.0,706.0,5013.0,1141.0,141.0,76593.0,0.0,1007.0,206.0,0.0
3400892745848,2019.0,12.0,3471.0,8.5,5.0,542302.0,706.0,5013.0,1141.0,141.0,76593.0,0.0,1007.0,206.0,0.0
3400892203645,2019.0,12.0,2990.0,4.5,5.0,542302.0,706.0,5013.0,1141.0,141.0,76593.0,0.0,1007.0,206.0,0.0
3400892669236,2019.0,12.0,7976.0,6.0,5.0,542302.0,706.0,5013.0,1141.0,141.0,76593.0,0.0,1007.0,206.0,0.0
3400892088310,2019.0,12.0,2609.0,10.0,5.0,542302.0,706.0,5013.0,1141.0,141.0,76593.0,0.0,1007.0,206.0,0.0
3400891191226,2019.0,12.0,1974.0,3.5,5.0,542302.0,706.0,5013.0,1141.0,141.0,76593.0,0.0,1007.0,206.0,0.0
3400892065366,2019.0,12.0,4968.0,7.5,5.0,542302.0,706.0,5013.0,1141.0,141.0,76593.0,0.0,1007.0,206.0,0.0
3400892075761,2019.0,12.0,2080.0,4.0,5.0,542302.0,706.0,5013.0,1141.0,141.0,76593.0,0.0,1007.0,206.0,0.0
3400892761695,2019.0,12.0,15460.0,14.5,5.0,542302.0,706.0,5013.0,1141.0,141.0,76593.0,0.0,1007.0,206.0,0.0
3400892697789,2019.0,12.0,370.0,1.0,5.0,542302.0,706.0,5013.0,1141.0,141.0,76593.0,0.0,1007.0,206.0,0.0
3400890837149,2019.0,12.0,3190.0,3.5,5.0,542302.0,706.0,5013.0,1141.0,141.0,76593.0,0.0,1007.0,206.0,0.0
3400892052120,2019.0,12.0,1270.0,3.0,5.0,542302.0,706.0,5013.0,1141.0,141.0,76593.0,0.0,1007.0,206.0,0.0
3400891996128,2019.0,12.0,52320.0,24.0,5.0,542302.0,706.0,5013.0,1141.0,141.0,76593.0,0.0,1007.0,206.0,0.0
3400893022634,2019.0,12.0,5820.0,4.5,5.0,542302.0,706.0,5013.0,1141.0,141.0,76593.0,0.0,1007.0,206.0,0.0
3400891235203,2019.0,12.0,820.0,2.0,5.0,542302.0,706.0,5013.0,1141.0,141.0,76593.0,0.0,1007.0,206.0,0.0
3400893826706,2019.0,12.0,2121.0,6.0,5.0,542302.0,706.0,5013.0,1141.0,141.0,76593.0,0.0,1007.0,206.0,0.0
3400893736135,2019.0,12.0,2975.0,6.5,5.0,542302.0,706.0,5013.0,1141.0,141.0,76593.0,0.0,1007.0,206.0,0.0
3400891225037,2019.0,12.0,13210.0,6.0,5.0,542302.0,706.0,5013.0,1141.0,141.0,76593.0,0.0,1007.0,206.0,0.0
3400892761527,2019.0,12.0,11240.0,11.0,5.0,542302.0,706.0,5013.0,1141.0,141.0,76593.0,0.0,1007.0,206.0,0.0
3400893875490,2019.0,12.0,6870.0,11.5,5.0,542302.0,706.0,5013.0,1141.0,141.0,76593.0,0.0,1007.0,206.0,0.0
