CODE_ATC,DATE,HOSPI_CODE_UCD,LIT_HC,LIT_HP,MONTH,N_UFS,PN_MEDICAL,POPULATION,P_MEDICAL,QUANTITY,QUANTITY_MA,SEJ_MCO,SEJ_PSY,SEJ_SLD,SEJ_SSR,WEEK,YEAR,CLUSTER
1,2017-03-01,3400890837149,4500.0,467.0,3,2.0,15650.0,1843319.0,2556.0,17100.0,17100.0,254570.0,5.0,285.0,8464.0,9,2017,4
2,2017-03-01,3400893826706,4500.0,467.0,3,2.0,15650.0,1843319.0,2556.0,5100.0,5100.0,254570.0,5.0,285.0,8464.0,9,2017,1
3,2017-03-01,3400892729589,4500.0,467.0,3,2.0,15650.0,1843319.0,2556.0,17490.0,17490.0,254570.0,5.0,285.0,8464.0,9,2017,3
4,2017-03-01,3400892088310,4500.0,467.0,3,2.0,15650.0,1843319.0,2556.0,6220.0,6220.0,254570.0,5.0,285.0,8464.0,9,2017,0
5,2017-03-01,3400892075761,4500.0,467.0,3,1.0,15650.0,1843319.0,2556.0,8970.0,8970.0,254570.0,5.0,285.0,8464.0,9,2017,0
6,2017-03-01,3400892745848,4500.0,467.0,3,3.0,15650.0,1843319.0,2556.0,11760.0,11760.0,254570.0,5.0,285.0,8464.0,9,2017,3
7,2017-03-01,3400893736135,4500.0,467.0,3,1.0,15650.0,1843319.0,2556.0,7180.0,7180.0,254570.0,5.0,285.0,8464.0,9,2017,1
8,2017-03-01,3400892697789,4500.0,467.0,3,2.0,15650.0,1843319.0,2556.0,12270.0,12270.0,254570.0,5.0,285.0,8464.0,9,2017,3
9,2017-03-01,3400892203645,4500.0,467.0,3,1.0,15650.0,1843319.0,2556.0,9550.0,9550.0,254570.0,5.0,285.0,8464.0,9,2017,0
10,2017-03-01,3400891235203,4500.0,467.0,3,1.0,15650.0,1843319.0,2556.0,5700.0,5700.0,254570.0,5.0,285.0,8464.0,9,2017,2
11,2017-03-01,3400891225037,4500.0,467.0,3,1.0,15650.0,1843319.0,2556.0,25400.0,25400.0,254570.0,5.0,285.0,8464.0,9,2017,2
12,2017-03-01,3400893875490,4500.0,467.0,3,2.0,15650.0,1843319.0,2556.0,21310.0,21310.0,254570.0,5.0,285.0,8464.0,9,2017,1
13,2017-03-01,3400892065366,4500.0,467.0,3,3.0,15650.0,1843319.0,2556.0,19500.0,19500.0,254570.0,5.0,285.0,8464.0,9,2017,0
14,2017-03-01,3400892761527,4500.0,467.0,3,1.0,15650.0,1843319.0,2556.0,6350.0,6350.0,254570.0,5.0,285.0,8464.0,9,2017,3
15,2017-03-01,3400893022634,4500.0,467.0,3,1.0,15650.0,1843319.0,2556.0,0.0,0.0,254570.0,5.0,209.0,8464.0,9,2017,6
16,2017-03-01,3400891191226,4500.0,467.0,3,1.0,15650.0,1843319.0,2556.0,9060.0,9060.0,254570.0,5.0,285.0,8464.0,9,2017,2
14,2017-03-01,3400892761695,4500.0,467.0,3,1.0,15650.0,1843319.0,2556.0,8340.0,8340.0,254570.0,5.0,285.0,8464.0,9,2017,3
17,2017-03-01,3400892669236,4500.0,467.0,3,3.0,15650.0,1843319.0,2556.0,24932.0,24932.0,254570.0,5.0,285.0,8464.0,9,2017,3
18,2017-03-01,3400892508566,4500.0,467.0,3,1.0,15650.0,1843319.0,2556.0,7050.0,7050.0,254570.0,5.0,285.0,8464.0,9,2017,3
3,2017-03-01,3400892052120,4500.0,467.0,3,1.0,15650.0,1843319.0,2556.0,8070.0,8070.0,254570.0,5.0,285.0,8464.0,9,2017,0
12,2017-03-01,3400891996128,4500.0,467.0,3,1.0,15650.0,1843319.0,2556.0,200400.0,200400.0,254570.0,5.0,285.0,8464.0,9,2017,5
15,2017-04-01,3400893022634,4500.0,467.0,4,1.0,15650.0,1843319.0,2556.0,0.0,0.0,254570.0,5.0,209.0,8464.0,13,2017,6
1,2017-04-01,3400890837149,4500.0,467.0,4,2.0,15650.0,1843319.0,2556.0,17400.0,17250.0,254570.0,5.0,285.0,8464.0,13,2017,4
2,2017-04-01,3400893826706,4500.0,467.0,4,1.0,15650.0,1843319.0,2556.0,4550.0,4825.0,254570.0,5.0,285.0,8464.0,13,2017,1
3,2017-04-01,3400892729589,4500.0,467.0,4,1.0,15650.0,1843319.0,2556.0,17940.0,17715.0,254570.0,5.0,285.0,8464.0,13,2017,3
14,2017-04-01,3400892761695,4500.0,467.0,4,1.0,15650.0,1843319.0,2556.0,10040.0,9190.0,254570.0,5.0,285.0,8464.0,13,2017,3
4,2017-04-01,3400892088310,4500.0,467.0,4,2.0,15650.0,1843319.0,2556.0,6220.0,6220.0,254570.0,5.0,285.0,8464.0,13,2017,0
5,2017-04-01,3400892075761,4500.0,467.0,4,1.0,15650.0,1843319.0,2556.0,8130.0,8550.0,254570.0,5.0,285.0,8464.0,13,2017,0
6,2017-04-01,3400892745848,4500.0,467.0,4,1.0,15650.0,1843319.0,2556.0,10680.0,11220.0,254570.0,5.0,285.0,8464.0,13,2017,3
7,2017-04-01,3400893736135,4500.0,467.0,4,2.0,15650.0,1843319.0,2556.0,8060.0,7620.0,254570.0,5.0,285.0,8464.0,13,2017,1
3,2017-04-01,3400892052120,4500.0,467.0,4,1.0,15650.0,1843319.0,2556.0,8970.0,8520.0,254570.0,5.0,285.0,8464.0,13,2017,0
8,2017-04-01,3400892697789,4500.0,467.0,4,2.0,15650.0,1843319.0,2556.0,12780.0,12525.0,254570.0,5.0,285.0,8464.0,13,2017,3
11,2017-04-01,3400891225037,4500.0,467.0,4,2.0,15650.0,1843319.0,2556.0,24360.0,24880.0,254570.0,5.0,285.0,8464.0,13,2017,2
9,2017-04-01,3400892203645,4500.0,467.0,4,2.0,15650.0,1843319.0,2556.0,9750.0,9650.0,254570.0,5.0,285.0,8464.0,13,2017,0
14,2017-04-01,3400892761527,4500.0,467.0,4,1.0,15650.0,1843319.0,2556.0,6250.0,6300.0,254570.0,5.0,285.0,8464.0,13,2017,3
12,2017-04-01,3400891996128,4500.0,467.0,4,2.0,15650.0,1843319.0,2556.0,202800.0,201600.0,254570.0,5.0,285.0,8464.0,13,2017,5
17,2017-04-01,3400892669236,4500.0,467.0,4,1.0,15650.0,1843319.0,2556.0,25650.0,25291.0,254570.0,5.0,285.0,8464.0,13,2017,3
12,2017-04-01,3400893875490,4500.0,467.0,4,1.0,15650.0,1843319.0,2556.0,23040.0,22175.0,254570.0,5.0,285.0,8464.0,13,2017,1
16,2017-04-01,3400891191226,4500.0,467.0,4,1.0,15650.0,1843319.0,2556.0,8620.0,8840.0,254570.0,5.0,285.0,8464.0,13,2017,2
13,2017-04-01,3400892065366,4500.0,467.0,4,2.0,15650.0,1843319.0,2556.0,19500.0,19500.0,254570.0,5.0,285.0,8464.0,13,2017,0
10,2017-04-01,3400891235203,4500.0,467.0,4,1.0,15650.0,1843319.0,2556.0,7950.0,6825.0,254570.0,5.0,285.0,8464.0,13,2017,2
18,2017-04-01,3400892508566,4500.0,467.0,4,2.0,15650.0,1843319.0,2556.0,7650.0,7350.0,254570.0,5.0,285.0,8464.0,13,2017,3
6,2017-05-01,3400892745848,4500.0,467.0,5,1.0,15650.0,1843319.0,2556.0,12660.0,11700.0,254570.0,5.0,285.0,8464.0,18,2017,3
7,2017-05-01,3400893736135,4500.0,467.0,5,1.0,15650.0,1843319.0,2556.0,10030.0,8423.333333333334,254570.0,5.0,285.0,8464.0,18,2017,1
12,2017-05-01,3400891996128,4500.0,467.0,5,1.0,15650.0,1843319.0,2556.0,206200.0,203133.3333333333,254570.0,5.0,285.0,8464.0,18,2017,5
10,2017-05-01,3400891235203,4500.0,467.0,5,1.0,15650.0,1843319.0,2556.0,8250.0,7300.0,254570.0,5.0,285.0,8464.0,18,2017,2
5,2017-05-01,3400892075761,4500.0,467.0,5,1.0,15650.0,1843319.0,2556.0,7710.0,8270.0,254570.0,5.0,285.0,8464.0,18,2017,0
14,2017-05-01,3400892761695,4500.0,467.0,5,1.0,15650.0,1843319.0,2556.0,8560.0,8980.0,254570.0,5.0,285.0,8464.0,18,2017,3
14,2017-05-01,3400892761527,4500.0,467.0,5,1.0,15650.0,1843319.0,2556.0,7200.0,6600.0,254570.0,5.0,285.0,8464.0,18,2017,3
15,2017-05-01,3400893022634,4500.0,467.0,5,1.0,15650.0,1843319.0,2556.0,0.0,0.0,254570.0,5.0,209.0,8464.0,18,2017,6
13,2017-05-01,3400892065366,4500.0,467.0,5,1.0,15650.0,1843319.0,2556.0,19500.0,19500.0,254570.0,5.0,285.0,8464.0,18,2017,0
3,2017-05-01,3400892052120,4500.0,467.0,5,1.0,15650.0,1843319.0,2556.0,8640.0,8560.0,254570.0,5.0,285.0,8464.0,18,2017,0
3,2017-05-01,3400892729589,4500.0,467.0,5,1.0,15650.0,1843319.0,2556.0,20790.0,18740.0,254570.0,5.0,285.0,8464.0,18,2017,3
17,2017-05-01,3400892669236,4500.0,467.0,5,1.0,15650.0,1843319.0,2556.0,25290.0,25290.666666666668,254570.0,5.0,285.0,8464.0,18,2017,3
2,2017-05-01,3400893826706,4500.0,467.0,5,1.0,15650.0,1843319.0,2556.0,6650.0,5433.333333333333,254570.0,5.0,285.0,8464.0,18,2017,1
12,2017-05-01,3400893875490,4500.0,467.0,5,2.0,15650.0,1843319.0,2556.0,21310.0,21886.666666666668,254570.0,5.0,285.0,8464.0,18,2017,1
1,2017-05-01,3400890837149,4500.0,467.0,5,2.0,15650.0,1843319.0,2556.0,18300.0,17600.0,254570.0,5.0,285.0,8464.0,18,2017,4
16,2017-05-01,3400891191226,4500.0,467.0,5,2.0,15650.0,1843319.0,2556.0,9920.0,9200.0,254570.0,5.0,285.0,8464.0,18,2017,2
8,2017-05-01,3400892697789,4500.0,467.0,5,1.0,15650.0,1843319.0,2556.0,12270.0,12440.0,254570.0,5.0,285.0,8464.0,18,2017,3
11,2017-05-01,3400891225037,4500.0,467.0,5,2.0,15650.0,1843319.0,2556.0,29800.0,26520.0,254570.0,5.0,285.0,8464.0,18,2017,2
9,2017-05-01,3400892203645,4500.0,467.0,5,2.0,15650.0,1843319.0,2556.0,10250.0,9850.0,254570.0,5.0,285.0,8464.0,18,2017,0
18,2017-05-01,3400892508566,4500.0,467.0,5,2.0,15650.0,1843319.0,2556.0,9100.0,7933.333333333333,254570.0,5.0,285.0,8464.0,18,2017,3
4,2017-05-01,3400892088310,4500.0,467.0,5,2.0,15650.0,1843319.0,2556.0,6220.0,6220.0,254570.0,5.0,285.0,8464.0,18,2017,0
8,2017-06-01,3400892697789,4500.0,467.0,6,1.0,15650.0,1843319.0,2556.0,11280.0,12110.0,254570.0,5.0,285.0,8464.0,22,2017,3
17,2017-06-01,3400892669236,4500.0,467.0,6,2.0,15650.0,1843319.0,2556.0,27360.0,26100.0,254570.0,5.0,285.0,8464.0,22,2017,3
11,2017-06-01,3400891225037,4500.0,467.0,6,2.0,15650.0,1843319.0,2556.0,27960.0,27373.33333333333,254570.0,5.0,285.0,8464.0,22,2017,2
10,2017-06-01,3400891235203,4500.0,467.0,6,2.0,15650.0,1843319.0,2556.0,4500.0,6900.0,254570.0,5.0,285.0,8464.0,22,2017,2
15,2017-06-01,3400893022634,4500.0,467.0,6,1.0,15650.0,1843319.0,2556.0,0.0,0.0,254570.0,5.0,209.0,8464.0,22,2017,6
13,2017-06-01,3400892065366,4500.0,467.0,6,2.0,15650.0,1843319.0,2556.0,22410.0,20470.0,254570.0,5.0,285.0,8464.0,22,2017,0
12,2017-06-01,3400893875490,4500.0,467.0,6,1.0,15650.0,1843319.0,2556.0,23260.0,22536.666666666668,254570.0,5.0,285.0,8464.0,22,2017,1
16,2017-06-01,3400891191226,4500.0,467.0,6,2.0,15650.0,1843319.0,2556.0,10560.0,9700.0,254570.0,5.0,285.0,8464.0,22,2017,2
6,2017-06-01,3400892745848,4500.0,467.0,6,1.0,15650.0,1843319.0,2556.0,12600.0,11980.0,254570.0,5.0,285.0,8464.0,22,2017,3
7,2017-06-01,3400893736135,4500.0,467.0,6,1.0,15650.0,1843319.0,2556.0,7070.0,8386.666666666666,254570.0,5.0,285.0,8464.0,22,2017,1
12,2017-06-01,3400891996128,4500.0,467.0,6,1.0,15650.0,1843319.0,2556.0,202200.0,203733.3333333333,254570.0,5.0,285.0,8464.0,22,2017,5
14,2017-06-01,3400892761695,4500.0,467.0,6,1.0,15650.0,1843319.0,2556.0,9020.0,9206.666666666666,254570.0,5.0,285.0,8464.0,22,2017,3
2,2017-06-01,3400893826706,4500.0,467.0,6,1.0,15650.0,1843319.0,2556.0,4400.0,5200.0,254570.0,5.0,285.0,8464.0,22,2017,1
3,2017-06-01,3400892729589,4500.0,467.0,6,2.0,15650.0,1843319.0,2556.0,17550.0,18760.0,254570.0,5.0,285.0,8464.0,22,2017,3
1,2017-06-01,3400890837149,4500.0,467.0,6,1.5,15650.0,1843319.0,2556.0,17100.0,17600.0,254570.0,5.0,285.0,8464.0,22,2017,4
14,2017-06-01,3400892761527,4500.0,467.0,6,1.0,15650.0,1843319.0,2556.0,7450.0,6966.666666666667,254570.0,5.0,285.0,8464.0,22,2017,3
18,2017-06-01,3400892508566,4500.0,467.0,6,2.0,15650.0,1843319.0,2556.0,6400.0,7716.666666666667,254570.0,5.0,285.0,8464.0,22,2017,3
9,2017-06-01,3400892203645,4500.0,467.0,6,2.0,15650.0,1843319.0,2556.0,9850.0,9950.0,254570.0,5.0,285.0,8464.0,22,2017,0
5,2017-06-01,3400892075761,4500.0,467.0,6,1.0,15650.0,1843319.0,2556.0,11430.0,9090.0,254570.0,5.0,285.0,8464.0,22,2017,0
3,2017-06-01,3400892052120,4500.0,467.0,6,1.0,15650.0,1843319.0,2556.0,9780.0,9130.0,254570.0,5.0,285.0,8464.0,22,2017,0
4,2017-06-01,3400892088310,4500.0,467.0,6,2.0,15650.0,1843319.0,2556.0,2220.0,4886.666666666667,254570.0,5.0,285.0,8464.0,22,2017,0
15,2017-07-01,3400893022634,4500.0,467.0,7,1.0,15650.0,1843319.0,2556.0,0.0,0.0,254570.0,5.0,209.0,8464.0,26,2017,6
14,2017-07-01,3400892761527,4500.0,467.0,7,1.0,15650.0,1843319.0,2556.0,6800.0,7150.0,254570.0,5.0,285.0,8464.0,26,2017,3
1,2017-07-01,3400890837149,4500.0,467.0,7,2.0,15650.0,1843319.0,2556.0,17000.0,17466.666666666668,254570.0,5.0,285.0,8464.0,26,2017,4
3,2017-07-01,3400892052120,4500.0,467.0,7,1.0,15650.0,1843319.0,2556.0,7530.0,8650.0,254570.0,5.0,285.0,8464.0,26,2017,0
12,2017-07-01,3400891996128,4500.0,467.0,7,1.0,15650.0,1843319.0,2556.0,198600.0,202333.3333333333,254570.0,5.0,285.0,8464.0,26,2017,5
17,2017-07-01,3400892669236,4500.0,467.0,7,1.0,15650.0,1843319.0,2556.0,24930.0,25860.0,254570.0,5.0,285.0,8464.0,26,2017,3
18,2017-07-01,3400892508566,4500.0,467.0,7,1.0,15650.0,1843319.0,2556.0,7600.0,7700.0,254570.0,5.0,285.0,8464.0,26,2017,3
13,2017-07-01,3400892065366,4500.0,467.0,7,1.0,15650.0,1843319.0,2556.0,15780.0,19230.0,254570.0,5.0,285.0,8464.0,26,2017,0
12,2017-07-01,3400893875490,4500.0,467.0,7,1.0,15650.0,1843319.0,2556.0,21310.0,21960.0,254570.0,5.0,285.0,8464.0,26,2017,1
11,2017-07-01,3400891225037,4500.0,467.0,7,1.0,15650.0,1843319.0,2556.0,22760.0,26840.0,254570.0,5.0,285.0,8464.0,26,2017,2
14,2017-07-01,3400892761695,4500.0,467.0,7,1.0,15650.0,1843319.0,2556.0,11580.0,9720.0,254570.0,5.0,285.0,8464.0,26,2017,3
3,2017-07-01,3400892729589,4500.0,467.0,7,1.0,15650.0,1843319.0,2556.0,17250.0,18530.0,254570.0,5.0,285.0,8464.0,26,2017,3
6,2017-07-01,3400892745848,4500.0,467.0,7,1.0,15650.0,1843319.0,2556.0,9840.0,11700.0,254570.0,5.0,285.0,8464.0,26,2017,3
10,2017-07-01,3400891235203,4500.0,467.0,7,1.0,15650.0,1843319.0,2556.0,3300.0,5350.0,254570.0,5.0,285.0,8464.0,26,2017,2
16,2017-07-01,3400891191226,4500.0,467.0,7,2.0,15650.0,1843319.0,2556.0,8400.0,9626.666666666666,254570.0,5.0,285.0,8464.0,26,2017,2
8,2017-07-01,3400892697789,4500.0,467.0,7,1.0,15650.0,1843319.0,2556.0,12630.0,12060.0,254570.0,5.0,285.0,8464.0,26,2017,3
7,2017-07-01,3400893736135,4500.0,467.0,7,2.0,15650.0,1843319.0,2556.0,10610.0,9236.666666666666,254570.0,5.0,285.0,8464.0,26,2017,1
9,2017-07-01,3400892203645,4500.0,467.0,7,1.0,15650.0,1843319.0,2556.0,8750.0,9616.666666666666,254570.0,5.0,285.0,8464.0,26,2017,0
4,2017-07-01,3400892088310,4500.0,467.0,7,1.0,15650.0,1843319.0,2556.0,10070.0,6170.0,254570.0,5.0,285.0,8464.0,26,2017,0
2,2017-07-01,3400893826706,4500.0,467.0,7,1.0,15650.0,1843319.0,2556.0,6700.0,5916.666666666667,254570.0,5.0,285.0,8464.0,26,2017,1
5,2017-07-01,3400892075761,4500.0,467.0,7,1.0,15650.0,1843319.0,2556.0,11520.0,10220.0,254570.0,5.0,285.0,8464.0,26,2017,0
3,2017-08-01,3400892729589,4500.0,467.0,8,1.0,15650.0,1843319.0,2556.0,16230.0,17010.0,254570.0,5.0,285.0,8464.0,31,2017,3
18,2017-08-01,3400892508566,4500.0,467.0,8,1.0,15650.0,1843319.0,2556.0,5450.0,6483.333333333333,254570.0,5.0,285.0,8464.0,31,2017,3
5,2017-08-01,3400892075761,4500.0,467.0,8,1.0,15650.0,1843319.0,2556.0,9600.0,10850.0,254570.0,5.0,285.0,8464.0,31,2017,0
8,2017-08-01,3400892697789,4500.0,467.0,8,1.0,15650.0,1843319.0,2556.0,8730.0,10880.0,254570.0,5.0,285.0,8464.0,31,2017,3
17,2017-08-01,3400892669236,4500.0,467.0,8,1.0,15650.0,1843319.0,2556.0,29574.0,27288.0,254570.0,5.0,285.0,8464.0,31,2017,3
9,2017-08-01,3400892203645,4500.0,467.0,8,1.0,15650.0,1843319.0,2556.0,7250.0,8616.666666666666,254570.0,5.0,285.0,8464.0,31,2017,0
6,2017-08-01,3400892745848,4500.0,467.0,8,1.0,15650.0,1843319.0,2556.0,5340.0,9260.0,254570.0,5.0,285.0,8464.0,31,2017,3
14,2017-08-01,3400892761527,4500.0,467.0,8,1.0,15650.0,1843319.0,2556.0,6750.0,7000.0,254570.0,5.0,285.0,8464.0,31,2017,3
13,2017-08-01,3400892065366,4500.0,467.0,8,1.0,15650.0,1843319.0,2556.0,19680.0,19290.0,254570.0,5.0,285.0,8464.0,31,2017,0
4,2017-08-01,3400892088310,4500.0,467.0,8,1.0,15650.0,1843319.0,2556.0,5690.0,5993.333333333333,254570.0,5.0,285.0,8464.0,31,2017,0
14,2017-08-01,3400892761695,4500.0,467.0,8,1.0,15650.0,1843319.0,2556.0,6260.0,8953.333333333334,254570.0,5.0,285.0,8464.0,31,2017,3
3,2017-08-01,3400892052120,4500.0,467.0,8,1.0,15650.0,1843319.0,2556.0,8220.0,8510.0,254570.0,5.0,285.0,8464.0,31,2017,0
16,2017-08-01,3400891191226,4500.0,467.0,8,1.0,15650.0,1843319.0,2556.0,8800.0,9253.333333333334,254570.0,5.0,285.0,8464.0,31,2017,2
2,2017-08-01,3400893826706,4500.0,467.0,8,1.0,15650.0,1843319.0,2556.0,4850.0,5316.666666666667,254570.0,5.0,285.0,8464.0,31,2017,1
11,2017-08-01,3400891225037,4500.0,467.0,8,2.0,15650.0,1843319.0,2556.0,25880.0,25533.33333333333,254570.0,5.0,285.0,8464.0,31,2017,2
7,2017-08-01,3400893736135,4500.0,467.0,8,1.0,15650.0,1843319.0,2556.0,6850.0,8176.666666666667,254570.0,5.0,285.0,8464.0,31,2017,1
10,2017-08-01,3400891235203,4500.0,467.0,8,2.0,15650.0,1843319.0,2556.0,4950.0,4250.0,254570.0,5.0,285.0,8464.0,31,2017,2
12,2017-08-01,3400891996128,4500.0,467.0,8,2.0,15650.0,1843319.0,2556.0,185200.0,195333.3333333333,254570.0,5.0,285.0,8464.0,31,2017,5
1,2017-08-01,3400890837149,4500.0,467.0,8,2.0,15650.0,1843319.0,2556.0,16200.0,16766.666666666668,254570.0,5.0,285.0,8464.0,31,2017,4
12,2017-08-01,3400893875490,4500.0,467.0,8,1.0,15650.0,1843319.0,2556.0,19670.0,21413.33333333333,254570.0,5.0,285.0,8464.0,31,2017,1
15,2017-08-01,3400893022634,4500.0,467.0,8,1.0,15650.0,1843319.0,2556.0,0.0,0.0,254570.0,5.0,209.0,8464.0,31,2017,6
10,2017-09-01,3400891235203,4500.0,467.0,9,1.0,15650.0,1843319.0,2556.0,6000.0,4750.0,254570.0,5.0,285.0,8464.0,35,2017,2
14,2017-09-01,3400892761527,4500.0,467.0,9,1.0,15650.0,1843319.0,2556.0,3650.0,5733.333333333333,254570.0,5.0,285.0,8464.0,35,2017,3
2,2017-09-01,3400893826706,4500.0,467.0,9,1.0,15650.0,1843319.0,2556.0,5100.0,5550.0,254570.0,5.0,285.0,8464.0,35,2017,1
15,2017-09-01,3400893022634,4500.0,467.0,9,1.0,15650.0,1843319.0,2556.0,0.0,0.0,254570.0,5.0,209.0,8464.0,35,2017,6
6,2017-09-01,3400892745848,4500.0,467.0,9,1.0,15650.0,1843319.0,2556.0,13020.0,9400.0,254570.0,5.0,285.0,8464.0,35,2017,3
11,2017-09-01,3400891225037,4500.0,467.0,9,1.0,15650.0,1843319.0,2556.0,20480.0,23040.0,254570.0,5.0,285.0,8464.0,35,2017,2
17,2017-09-01,3400892669236,4500.0,467.0,9,1.0,15650.0,1843319.0,2556.0,20430.0,24978.0,254570.0,5.0,285.0,8464.0,35,2017,3
7,2017-09-01,3400893736135,4500.0,467.0,9,1.0,15650.0,1843319.0,2556.0,6350.0,7936.666666666667,254570.0,5.0,285.0,8464.0,35,2017,1
4,2017-09-01,3400892088310,4500.0,467.0,9,1.0,15650.0,1843319.0,2556.0,9120.0,8293.333333333334,254570.0,5.0,285.0,8464.0,35,2017,0
13,2017-09-01,3400892065366,4500.0,467.0,9,1.0,15650.0,1843319.0,2556.0,15990.0,17150.0,254570.0,5.0,285.0,8464.0,35,2017,0
18,2017-09-01,3400892508566,4500.0,467.0,9,1.0,15650.0,1843319.0,2556.0,6700.0,6583.333333333333,254570.0,5.0,285.0,8464.0,35,2017,3
14,2017-09-01,3400892761695,4500.0,467.0,9,1.0,15650.0,1843319.0,2556.0,7680.0,8506.666666666666,254570.0,5.0,285.0,8464.0,35,2017,3
3,2017-09-01,3400892729589,4500.0,467.0,9,1.0,15650.0,1843319.0,2556.0,15330.0,16270.0,254570.0,5.0,285.0,8464.0,35,2017,3
12,2017-09-01,3400893875490,4500.0,467.0,9,1.0,15650.0,1843319.0,2556.0,20960.0,20646.666666666668,254570.0,5.0,285.0,8464.0,35,2017,1
5,2017-09-01,3400892075761,4500.0,467.0,9,1.0,15650.0,1843319.0,2556.0,8970.0,10030.0,254570.0,5.0,285.0,8464.0,35,2017,0
3,2017-09-01,3400892052120,4500.0,467.0,9,1.0,15650.0,1843319.0,2556.0,9420.0,8390.0,254570.0,5.0,285.0,8464.0,35,2017,0
1,2017-09-01,3400890837149,4500.0,467.0,9,1.0,15650.0,1843319.0,2556.0,17800.0,17000.0,254570.0,5.0,285.0,8464.0,35,2017,4
12,2017-09-01,3400891996128,4500.0,467.0,9,2.0,15650.0,1843319.0,2556.0,200400.0,194733.3333333333,254570.0,5.0,285.0,8464.0,35,2017,5
8,2017-09-01,3400892697789,4500.0,467.0,9,2.0,15650.0,1843319.0,2556.0,12630.0,11330.0,254570.0,5.0,285.0,8464.0,35,2017,3
9,2017-09-01,3400892203645,4500.0,467.0,9,1.5,15650.0,1843319.0,2556.0,9900.0,8633.333333333334,254570.0,5.0,285.0,8464.0,35,2017,0
16,2017-09-01,3400891191226,4500.0,467.0,9,1.0,15650.0,1843319.0,2556.0,8120.0,8440.0,254570.0,5.0,285.0,8464.0,35,2017,2
16,2017-10-01,3400891191226,4500.0,467.0,10,1.0,15650.0,1843319.0,2556.0,9340.0,8753.333333333334,254570.0,5.0,285.0,8464.0,39,2017,2
11,2017-10-01,3400891225037,4500.0,467.0,10,2.0,15650.0,1843319.0,2556.0,26880.0,24413.33333333333,254570.0,5.0,285.0,8464.0,39,2017,2
13,2017-10-01,3400892065366,4500.0,467.0,10,1.0,15650.0,1843319.0,2556.0,20040.0,18570.0,254570.0,5.0,285.0,8464.0,39,2017,0
10,2017-10-01,3400891235203,4500.0,467.0,10,1.0,15650.0,1843319.0,2556.0,8400.0,6450.0,254570.0,5.0,285.0,8464.0,39,2017,2
5,2017-10-01,3400892075761,4500.0,467.0,10,1.0,15650.0,1843319.0,2556.0,9300.0,9290.0,254570.0,5.0,285.0,8464.0,39,2017,0
12,2017-10-01,3400893875490,4500.0,467.0,10,1.0,15650.0,1843319.0,2556.0,27680.0,22770.0,254570.0,5.0,285.0,8464.0,39,2017,1
7,2017-10-01,3400893736135,4500.0,467.0,10,1.0,15650.0,1843319.0,2556.0,7370.0,6856.666666666667,254570.0,5.0,285.0,8464.0,39,2017,1
6,2017-10-01,3400892745848,4500.0,467.0,10,1.0,15650.0,1843319.0,2556.0,13800.0,10720.0,254570.0,5.0,285.0,8464.0,39,2017,3
9,2017-10-01,3400892203645,4500.0,467.0,10,2.0,15650.0,1843319.0,2556.0,11850.0,9666.666666666666,254570.0,5.0,285.0,8464.0,39,2017,0
14,2017-10-01,3400892761695,4500.0,467.0,10,1.0,15650.0,1843319.0,2556.0,10720.0,8220.0,254570.0,5.0,285.0,8464.0,39,2017,3
4,2017-10-01,3400892088310,4500.0,467.0,10,1.0,15650.0,1843319.0,2556.0,6720.0,7176.666666666667,254570.0,5.0,285.0,8464.0,39,2017,0
8,2017-10-01,3400892697789,4500.0,467.0,10,2.0,15650.0,1843319.0,2556.0,12270.0,11210.0,254570.0,5.0,285.0,8464.0,39,2017,3
18,2017-10-01,3400892508566,4500.0,467.0,10,1.0,15650.0,1843319.0,2556.0,7600.0,6583.333333333333,254570.0,5.0,285.0,8464.0,39,2017,3
12,2017-10-01,3400891996128,4500.0,467.0,10,2.0,15650.0,1843319.0,2556.0,257800.0,214466.66666666663,254570.0,5.0,285.0,8464.0,39,2017,5
3,2017-10-01,3400892052120,4500.0,467.0,10,1.0,15650.0,1843319.0,2556.0,8070.0,8570.0,254570.0,5.0,285.0,8464.0,39,2017,0
1,2017-10-01,3400890837149,4500.0,467.0,10,2.0,15650.0,1843319.0,2556.0,19000.0,17666.666666666668,254570.0,5.0,285.0,8464.0,39,2017,4
14,2017-10-01,3400892761527,4500.0,467.0,10,1.0,15650.0,1843319.0,2556.0,9600.0,6666.666666666667,254570.0,5.0,285.0,8464.0,39,2017,3
15,2017-10-01,3400893022634,4500.0,467.0,10,1.0,15650.0,1843319.0,2556.0,0.0,0.0,254570.0,5.0,209.0,8464.0,39,2017,6
3,2017-10-01,3400892729589,4500.0,467.0,10,1.0,15650.0,1843319.0,2556.0,20790.0,17450.0,254570.0,5.0,285.0,8464.0,39,2017,3
17,2017-10-01,3400892669236,4500.0,467.0,10,1.0,15650.0,1843319.0,2556.0,30246.0,26750.0,254570.0,5.0,285.0,8464.0,39,2017,3
2,2017-10-01,3400893826706,4500.0,467.0,10,1.0,15650.0,1843319.0,2556.0,7300.0,5750.0,254570.0,5.0,285.0,8464.0,39,2017,1
6,2017-11-01,3400892745848,4500.0,467.0,11,1.5,15650.0,1843319.0,2556.0,12780.0,13200.0,254570.0,5.0,285.0,8464.0,44,2017,3
13,2017-11-01,3400892065366,4500.0,467.0,11,1.0,15650.0,1843319.0,2556.0,20400.0,18810.0,254570.0,5.0,285.0,8464.0,44,2017,0
14,2017-11-01,3400892761695,4500.0,467.0,11,1.0,15650.0,1843319.0,2556.0,8160.0,8853.333333333334,254570.0,5.0,285.0,8464.0,44,2017,3
18,2017-11-01,3400892508566,4500.0,467.0,11,1.0,15650.0,1843319.0,2556.0,5350.0,6550.0,254570.0,5.0,285.0,8464.0,44,2017,3
17,2017-11-01,3400892669236,4500.0,467.0,11,1.0,15650.0,1843319.0,2556.0,26942.0,25872.666666666668,254570.0,5.0,285.0,8464.0,44,2017,3
12,2017-11-01,3400891996128,4500.0,467.0,11,2.0,15650.0,1843319.0,2556.0,214100.0,224100.0,254570.0,5.0,285.0,8464.0,44,2017,5
16,2017-11-01,3400891191226,4500.0,467.0,11,1.0,15650.0,1843319.0,2556.0,7420.0,8293.333333333334,254570.0,5.0,285.0,8464.0,44,2017,2
5,2017-11-01,3400892075761,4500.0,467.0,11,1.0,15650.0,1843319.0,2556.0,9450.0,9240.0,254570.0,5.0,285.0,8464.0,44,2017,0
12,2017-11-01,3400893875490,4500.0,467.0,11,1.5,15650.0,1843319.0,2556.0,25630.0,24756.666666666668,254570.0,5.0,285.0,8464.0,44,2017,1
3,2017-11-01,3400892052120,4500.0,467.0,11,1.0,15650.0,1843319.0,2556.0,9060.0,8850.0,254570.0,5.0,285.0,8464.0,44,2017,0
8,2017-11-01,3400892697789,4500.0,467.0,11,1.0,15650.0,1843319.0,2556.0,14760.0,13220.0,254570.0,5.0,285.0,8464.0,44,2017,3
4,2017-11-01,3400892088310,4500.0,467.0,11,1.0,15650.0,1843319.0,2556.0,6970.0,7603.333333333333,254570.0,5.0,285.0,8464.0,44,2017,0
7,2017-11-01,3400893736135,4500.0,467.0,11,1.0,15650.0,1843319.0,2556.0,6400.0,6706.666666666667,254570.0,5.0,285.0,8464.0,44,2017,1
10,2017-11-01,3400891235203,4500.0,467.0,11,1.0,15650.0,1843319.0,2556.0,5550.0,6650.0,254570.0,5.0,285.0,8464.0,44,2017,2
14,2017-11-01,3400892761527,4500.0,467.0,11,1.0,15650.0,1843319.0,2556.0,5900.0,6383.333333333333,254570.0,5.0,285.0,8464.0,44,2017,3
11,2017-11-01,3400891225037,4500.0,467.0,11,2.0,15650.0,1843319.0,2556.0,28400.0,25253.33333333333,254570.0,5.0,285.0,8464.0,44,2017,2
9,2017-11-01,3400892203645,4500.0,467.0,11,2.0,15650.0,1843319.0,2556.0,11050.0,10933.333333333334,254570.0,5.0,285.0,8464.0,44,2017,0
15,2017-11-01,3400893022634,4500.0,467.0,11,1.0,15650.0,1843319.0,2556.0,0.0,0.0,254570.0,5.0,209.0,8464.0,44,2017,6
2,2017-11-01,3400893826706,4500.0,467.0,11,1.0,15650.0,1843319.0,2556.0,5050.0,5816.666666666667,254570.0,5.0,285.0,8464.0,44,2017,1
1,2017-11-01,3400890837149,4500.0,467.0,11,2.0,15650.0,1843319.0,2556.0,15300.0,17366.666666666668,254570.0,5.0,285.0,8464.0,44,2017,4
3,2017-11-01,3400892729589,4500.0,467.0,11,1.5,15650.0,1843319.0,2556.0,19500.0,18540.0,254570.0,5.0,285.0,8464.0,44,2017,3
11,2017-12-01,3400891225037,4500.0,467.0,12,2.0,15650.0,1843319.0,2556.0,29120.0,28133.33333333333,254570.0,5.0,285.0,8464.0,48,2017,2
16,2017-12-01,3400891191226,4500.0,467.0,12,2.0,15650.0,1843319.0,2556.0,10380.0,9046.666666666666,254570.0,5.0,285.0,8464.0,48,2017,2
2,2017-12-01,3400893826706,4500.0,467.0,12,1.0,15650.0,1843319.0,2556.0,6150.0,6166.666666666667,254570.0,5.0,285.0,8464.0,48,2017,1
4,2017-12-01,3400892088310,4500.0,467.0,12,1.0,15650.0,1843319.0,2556.0,8570.0,7420.0,254570.0,5.0,285.0,8464.0,48,2017,0
6,2017-12-01,3400892745848,4500.0,467.0,12,1.0,15650.0,1843319.0,2556.0,12480.0,13020.0,254570.0,5.0,285.0,8464.0,48,2017,3
5,2017-12-01,3400892075761,4500.0,467.0,12,1.0,15650.0,1843319.0,2556.0,10170.0,9640.0,254570.0,5.0,285.0,8464.0,48,2017,0
14,2017-12-01,3400892761695,4500.0,467.0,12,1.0,15650.0,1843319.0,2556.0,8440.0,9106.666666666666,254570.0,5.0,285.0,8464.0,48,2017,3
18,2017-12-01,3400892508566,4500.0,467.0,12,1.0,15650.0,1843319.0,2556.0,5650.0,6200.0,254570.0,5.0,285.0,8464.0,48,2017,3
12,2017-12-01,3400891996128,4500.0,467.0,12,2.0,15650.0,1843319.0,2556.0,220900.0,230933.3333333333,254570.0,5.0,285.0,8464.0,48,2017,5
3,2017-12-01,3400892052120,4500.0,467.0,12,1.0,15650.0,1843319.0,2556.0,7920.0,8350.0,254570.0,5.0,285.0,8464.0,48,2017,0
1,2017-12-01,3400890837149,4500.0,467.0,12,2.0,15650.0,1843319.0,2556.0,19700.0,18000.0,254570.0,5.0,285.0,8464.0,48,2017,4
3,2017-12-01,3400892729589,4500.0,467.0,12,1.0,15650.0,1843319.0,2556.0,17910.0,19400.0,254570.0,5.0,285.0,8464.0,48,2017,3
15,2017-12-01,3400893022634,4500.0,467.0,12,1.0,15650.0,1843319.0,2556.0,0.0,0.0,254570.0,5.0,209.0,8464.0,48,2017,6
14,2017-12-01,3400892761527,4500.0,467.0,12,1.0,15650.0,1843319.0,2556.0,5050.0,6850.0,254570.0,5.0,285.0,8464.0,48,2017,3
10,2017-12-01,3400891235203,4500.0,467.0,12,1.0,15650.0,1843319.0,2556.0,7200.0,7050.0,254570.0,5.0,285.0,8464.0,48,2017,2
13,2017-12-01,3400892065366,4500.0,467.0,12,1.0,15650.0,1843319.0,2556.0,19230.0,19890.0,254570.0,5.0,285.0,8464.0,48,2017,0
17,2017-12-01,3400892669236,4500.0,467.0,12,2.0,15650.0,1843319.0,2556.0,29276.0,28821.33333333333,254570.0,5.0,285.0,8464.0,48,2017,3
9,2017-12-01,3400892203645,4500.0,467.0,12,2.0,15650.0,1843319.0,2556.0,10450.0,11116.666666666666,254570.0,5.0,285.0,8464.0,48,2017,0
7,2017-12-01,3400893736135,4500.0,467.0,12,1.0,15650.0,1843319.0,2556.0,9230.0,7666.666666666667,254570.0,5.0,285.0,8464.0,48,2017,1
12,2017-12-01,3400893875490,4500.0,467.0,12,1.0,15650.0,1843319.0,2556.0,21120.0,24810.0,254570.0,5.0,285.0,8464.0,48,2017,1
8,2017-12-01,3400892697789,4500.0,467.0,12,1.0,15650.0,1843319.0,2556.0,12600.0,13210.0,254570.0,5.0,285.0,8464.0,48,2017,3
12,2018-01-01,3400893875490,4477.0,486.0,1,1.0,15723.0,1859524.0,2627.0,26030.0,24260.0,255490.0,837.0,209.0,8416.0,1,2018,1
1,2018-01-01,3400890837149,4477.0,486.0,1,2.0,15723.0,1859524.0,2627.0,13600.0,16200.0,255490.0,837.0,209.0,8416.0,1,2018,4
17,2018-01-01,3400892669236,4477.0,486.0,1,2.0,15723.0,1859524.0,2627.0,35390.0,30536.0,255490.0,837.0,209.0,8416.0,1,2018,3
9,2018-01-01,3400892203645,4477.0,486.0,1,2.0,15723.0,1859524.0,2627.0,8050.0,9850.0,255490.0,837.0,209.0,8416.0,1,2018,0
16,2018-01-01,3400891191226,4477.0,486.0,1,1.0,15723.0,1859524.0,2627.0,10700.0,9500.0,255490.0,837.0,209.0,8416.0,1,2018,2
3,2018-01-01,3400892729589,4477.0,486.0,1,1.0,15723.0,1859524.0,2627.0,16110.0,17840.0,255490.0,837.0,209.0,8416.0,1,2018,3
13,2018-01-01,3400892065366,4477.0,486.0,1,2.0,15723.0,1859524.0,2627.0,21300.0,20310.0,255490.0,837.0,209.0,8416.0,1,2018,0
6,2018-01-01,3400892745848,4477.0,486.0,1,1.0,15723.0,1859524.0,2627.0,17700.0,14320.0,255490.0,837.0,209.0,8416.0,1,2018,3
15,2018-01-01,3400893022634,4477.0,486.0,1,1.0,15723.0,1859524.0,2627.0,0.0,0.0,255490.0,837.0,209.0,8416.0,1,2018,6
5,2018-01-01,3400892075761,4477.0,486.0,1,2.0,15723.0,1859524.0,2627.0,9120.0,9580.0,255490.0,837.0,209.0,8416.0,1,2018,0
8,2018-01-01,3400892697789,4477.0,486.0,1,2.0,15723.0,1859524.0,2627.0,15150.0,14170.0,255490.0,837.0,209.0,8416.0,1,2018,3
3,2018-01-01,3400892052120,4477.0,486.0,1,1.0,15723.0,1859524.0,2627.0,10920.0,9300.0,255490.0,837.0,209.0,8416.0,1,2018,0
14,2018-01-01,3400892761527,4477.0,486.0,1,1.0,15723.0,1859524.0,2627.0,8200.0,6383.333333333333,255490.0,837.0,209.0,8416.0,1,2018,3
11,2018-01-01,3400891225037,4477.0,486.0,1,1.0,15723.0,1859524.0,2627.0,30720.0,29413.33333333333,255490.0,837.0,209.0,8416.0,1,2018,2
4,2018-01-01,3400892088310,4477.0,486.0,1,1.0,15723.0,1859524.0,2627.0,7780.0,7773.333333333333,255490.0,837.0,209.0,8416.0,1,2018,0
18,2018-01-01,3400892508566,4477.0,486.0,1,2.0,15723.0,1859524.0,2627.0,9400.0,6800.0,255490.0,837.0,209.0,8416.0,1,2018,3
12,2018-01-01,3400891996128,4477.0,486.0,1,2.0,15723.0,1859524.0,2627.0,243700.0,226233.3333333333,255490.0,837.0,209.0,8416.0,1,2018,5
10,2018-01-01,3400891235203,4477.0,486.0,1,1.0,15723.0,1859524.0,2627.0,5550.0,6100.0,255490.0,837.0,209.0,8416.0,1,2018,2
14,2018-01-01,3400892761695,4477.0,486.0,1,1.0,15723.0,1859524.0,2627.0,11060.0,9220.0,255490.0,837.0,209.0,8416.0,1,2018,3
2,2018-01-01,3400893826706,4477.0,486.0,1,1.0,15723.0,1859524.0,2627.0,6750.0,5983.333333333333,255490.0,837.0,209.0,8416.0,1,2018,1
7,2018-01-01,3400893736135,4477.0,486.0,1,1.0,15723.0,1859524.0,2627.0,9160.0,8263.333333333334,255490.0,837.0,209.0,8416.0,1,2018,1
15,2018-02-01,3400893022634,4477.0,486.0,2,1.0,15723.0,1859524.0,2627.0,0.0,0.0,255490.0,837.0,209.0,8416.0,5,2018,6
10,2018-02-01,3400891235203,4477.0,486.0,2,1.5,15723.0,1859524.0,2627.0,4650.0,5800.0,255490.0,837.0,209.0,8416.0,5,2018,2
8,2018-02-01,3400892697789,4477.0,486.0,2,2.0,15723.0,1859524.0,2627.0,11190.0,12980.0,255490.0,837.0,209.0,8416.0,5,2018,3
1,2018-02-01,3400890837149,4477.0,486.0,2,1.0,15723.0,1859524.0,2627.0,14100.0,15800.0,255490.0,837.0,209.0,8416.0,5,2018,4
3,2018-02-01,3400892052120,4477.0,486.0,2,1.0,15723.0,1859524.0,2627.0,8640.0,9160.0,255490.0,837.0,209.0,8416.0,5,2018,0
12,2018-02-01,3400891996128,4477.0,486.0,2,2.0,15723.0,1859524.0,2627.0,186300.0,216966.66666666663,255490.0,837.0,209.0,8416.0,5,2018,5
14,2018-02-01,3400892761695,4477.0,486.0,2,1.0,15723.0,1859524.0,2627.0,8760.0,9420.0,255490.0,837.0,209.0,8416.0,5,2018,3
12,2018-02-01,3400893875490,4477.0,486.0,2,1.0,15723.0,1859524.0,2627.0,22810.0,23320.0,255490.0,837.0,209.0,8416.0,5,2018,1
14,2018-02-01,3400892761527,4477.0,486.0,2,1.0,15723.0,1859524.0,2627.0,7250.0,6833.333333333333,255490.0,837.0,209.0,8416.0,5,2018,3
17,2018-02-01,3400892669236,4477.0,486.0,2,1.0,15723.0,1859524.0,2627.0,24932.0,29866.0,255490.0,837.0,209.0,8416.0,5,2018,3
18,2018-02-01,3400892508566,4477.0,486.0,2,1.0,15723.0,1859524.0,2627.0,6860.0,7303.333333333333,255490.0,837.0,209.0,8416.0,5,2018,3
9,2018-02-01,3400892203645,4477.0,486.0,2,2.0,15723.0,1859524.0,2627.0,9550.0,9350.0,255490.0,837.0,209.0,8416.0,5,2018,0
4,2018-02-01,3400892088310,4477.0,486.0,2,1.0,15723.0,1859524.0,2627.0,7250.0,7866.666666666667,255490.0,837.0,209.0,8416.0,5,2018,0
6,2018-02-01,3400892745848,4477.0,486.0,2,1.0,15723.0,1859524.0,2627.0,14460.0,14880.0,255490.0,837.0,209.0,8416.0,5,2018,3
7,2018-02-01,3400893736135,4477.0,486.0,2,1.0,15723.0,1859524.0,2627.0,5350.0,7913.333333333333,255490.0,837.0,209.0,8416.0,5,2018,1
2,2018-02-01,3400893826706,4477.0,486.0,2,2.0,15723.0,1859524.0,2627.0,7200.0,6700.0,255490.0,837.0,209.0,8416.0,5,2018,1
11,2018-02-01,3400891225037,4477.0,486.0,2,2.0,15723.0,1859524.0,2627.0,25400.0,28413.33333333333,255490.0,837.0,209.0,8416.0,5,2018,2
5,2018-02-01,3400892075761,4477.0,486.0,2,1.0,15723.0,1859524.0,2627.0,8760.0,9350.0,255490.0,837.0,209.0,8416.0,5,2018,0
13,2018-02-01,3400892065366,4477.0,486.0,2,1.5,15723.0,1859524.0,2627.0,20370.0,20300.0,255490.0,837.0,209.0,8416.0,5,2018,0
3,2018-02-01,3400892729589,4477.0,486.0,2,1.0,15723.0,1859524.0,2627.0,19140.0,17720.0,255490.0,837.0,209.0,8416.0,5,2018,3
16,2018-02-01,3400891191226,4477.0,486.0,2,1.0,15723.0,1859524.0,2627.0,9740.0,10273.333333333334,255490.0,837.0,209.0,8416.0,5,2018,2
8,2018-03-01,3400892697789,4477.0,486.0,3,1.0,15723.0,1859524.0,2627.0,12270.0,12870.0,255490.0,837.0,209.0,8416.0,9,2018,3
14,2018-03-01,3400892761695,4477.0,486.0,3,2.0,15723.0,1859524.0,2627.0,8330.0,9383.333333333334,255490.0,837.0,209.0,8416.0,9,2018,3
2,2018-03-01,3400893826706,4477.0,486.0,3,1.0,15723.0,1859524.0,2627.0,5500.0,6483.333333333333,255490.0,837.0,209.0,8416.0,9,2018,1
17,2018-03-01,3400892669236,4477.0,486.0,3,2.0,15723.0,1859524.0,2627.0,34986.0,31769.33333333333,255490.0,837.0,209.0,8416.0,9,2018,3
12,2018-03-01,3400893875490,4477.0,486.0,3,1.0,15723.0,1859524.0,2627.0,18200.0,22346.666666666668,255490.0,837.0,209.0,8416.0,9,2018,1
7,2018-03-01,3400893736135,4477.0,486.0,3,1.0,15723.0,1859524.0,2627.0,10130.0,8213.333333333334,255490.0,837.0,209.0,8416.0,9,2018,1
6,2018-03-01,3400892745848,4477.0,486.0,3,2.0,15723.0,1859524.0,2627.0,17640.0,16600.0,255490.0,837.0,209.0,8416.0,9,2018,3
15,2018-03-01,3400893022634,4477.0,486.0,3,1.0,15723.0,1859524.0,2627.0,0.0,0.0,255490.0,837.0,209.0,8416.0,9,2018,6
3,2018-03-01,3400892729589,4477.0,486.0,3,1.0,15723.0,1859524.0,2627.0,22710.0,19320.0,255490.0,837.0,209.0,8416.0,9,2018,3
14,2018-03-01,3400892761527,4477.0,486.0,3,1.0,15723.0,1859524.0,2627.0,7650.0,7700.0,255490.0,837.0,209.0,8416.0,9,2018,3
18,2018-03-01,3400892508566,4477.0,486.0,3,1.0,15723.0,1859524.0,2627.0,9250.0,8503.333333333334,255490.0,837.0,209.0,8416.0,9,2018,3
3,2018-03-01,3400892052120,4477.0,486.0,3,2.0,15723.0,1859524.0,2627.0,10980.0,10180.0,255490.0,837.0,209.0,8416.0,9,2018,0
16,2018-03-01,3400891191226,4477.0,486.0,3,2.0,15723.0,1859524.0,2627.0,10140.0,10193.333333333334,255490.0,837.0,209.0,8416.0,9,2018,2
12,2018-03-01,3400891996128,4477.0,486.0,3,2.0,15723.0,1859524.0,2627.0,194625.0,208208.3333333333,255490.0,837.0,209.0,8416.0,9,2018,5
4,2018-03-01,3400892088310,4477.0,486.0,3,2.0,15723.0,1859524.0,2627.0,9830.0,8286.666666666666,255490.0,837.0,209.0,8416.0,9,2018,0
13,2018-03-01,3400892065366,4477.0,486.0,3,1.0,15723.0,1859524.0,2627.0,24510.0,22060.0,255490.0,837.0,209.0,8416.0,9,2018,0
10,2018-03-01,3400891235203,4477.0,486.0,3,1.0,15723.0,1859524.0,2627.0,7350.0,5850.0,255490.0,837.0,209.0,8416.0,9,2018,2
11,2018-03-01,3400891225037,4477.0,486.0,3,1.0,15723.0,1859524.0,2627.0,30400.0,28840.0,255490.0,837.0,209.0,8416.0,9,2018,2
1,2018-03-01,3400890837149,4477.0,486.0,3,1.0,15723.0,1859524.0,2627.0,19400.0,15700.0,255490.0,837.0,209.0,8416.0,9,2018,4
9,2018-03-01,3400892203645,4477.0,486.0,3,1.0,15723.0,1859524.0,2627.0,12000.0,9866.666666666666,255490.0,837.0,209.0,8416.0,9,2018,0
5,2018-03-01,3400892075761,4477.0,486.0,3,1.0,15723.0,1859524.0,2627.0,9060.0,8980.0,255490.0,837.0,209.0,8416.0,9,2018,0
16,2018-04-01,3400891191226,4477.0,486.0,4,1.0,15723.0,1859524.0,2627.0,10360.0,10080.0,255490.0,837.0,209.0,8416.0,13,2018,2
4,2018-04-01,3400892088310,4477.0,486.0,4,1.0,15723.0,1859524.0,2627.0,6660.0,7913.333333333333,255490.0,837.0,209.0,8416.0,13,2018,0
8,2018-04-01,3400892697789,4477.0,486.0,4,2.0,15723.0,1859524.0,2627.0,13770.0,12410.0,255490.0,837.0,209.0,8416.0,13,2018,3
7,2018-04-01,3400893736135,4477.0,486.0,4,1.0,15723.0,1859524.0,2627.0,7640.0,7706.666666666667,255490.0,837.0,209.0,8416.0,13,2018,1
11,2018-04-01,3400891225037,4477.0,486.0,4,2.0,15723.0,1859524.0,2627.0,27320.0,27706.666666666668,255490.0,837.0,209.0,8416.0,13,2018,2
3,2018-04-01,3400892729589,4477.0,486.0,4,1.0,15723.0,1859524.0,2627.0,19680.0,20510.0,255490.0,837.0,209.0,8416.0,13,2018,3
5,2018-04-01,3400892075761,4477.0,486.0,4,1.0,15723.0,1859524.0,2627.0,9930.0,9250.0,255490.0,837.0,209.0,8416.0,13,2018,0
15,2018-04-01,3400893022634,4477.0,486.0,4,1.0,15723.0,1859524.0,2627.0,0.0,0.0,255490.0,837.0,209.0,8416.0,13,2018,6
10,2018-04-01,3400891235203,4477.0,486.0,4,1.0,15723.0,1859524.0,2627.0,7350.0,6450.0,255490.0,837.0,209.0,8416.0,13,2018,2
13,2018-04-01,3400892065366,4477.0,486.0,4,2.0,15723.0,1859524.0,2627.0,19860.0,21580.0,255490.0,837.0,209.0,8416.0,13,2018,0
6,2018-04-01,3400892745848,4477.0,486.0,4,1.0,15723.0,1859524.0,2627.0,10200.0,14100.0,255490.0,837.0,209.0,8416.0,13,2018,3
14,2018-04-01,3400892761695,4477.0,486.0,4,2.0,15723.0,1859524.0,2627.0,8050.0,8380.0,255490.0,837.0,209.0,8416.0,13,2018,3
12,2018-04-01,3400891996128,4477.0,486.0,4,2.0,15723.0,1859524.0,2627.0,200000.0,193641.66666666663,255490.0,837.0,209.0,8416.0,13,2018,5
14,2018-04-01,3400892761527,4477.0,486.0,4,1.0,15723.0,1859524.0,2627.0,3750.0,6216.666666666667,255490.0,837.0,209.0,8416.0,13,2018,3
3,2018-04-01,3400892052120,4477.0,486.0,4,1.0,15723.0,1859524.0,2627.0,8640.0,9420.0,255490.0,837.0,209.0,8416.0,13,2018,0
2,2018-04-01,3400893826706,4477.0,486.0,4,1.0,15723.0,1859524.0,2627.0,5740.0,6146.666666666667,255490.0,837.0,209.0,8416.0,13,2018,1
18,2018-04-01,3400892508566,4477.0,486.0,4,1.0,15723.0,1859524.0,2627.0,8250.0,8120.0,255490.0,837.0,209.0,8416.0,13,2018,3
1,2018-04-01,3400890837149,4477.0,486.0,4,2.0,15723.0,1859524.0,2627.0,15100.0,16200.0,255490.0,837.0,209.0,8416.0,13,2018,4
17,2018-04-01,3400892669236,4477.0,486.0,4,1.0,15723.0,1859524.0,2627.0,21738.0,27218.666666666668,255490.0,837.0,209.0,8416.0,13,2018,3
9,2018-04-01,3400892203645,4477.0,486.0,4,2.0,15723.0,1859524.0,2627.0,9350.0,10300.0,255490.0,837.0,209.0,8416.0,13,2018,0
12,2018-04-01,3400893875490,4477.0,486.0,4,1.0,15723.0,1859524.0,2627.0,21620.0,20876.666666666668,255490.0,837.0,209.0,8416.0,13,2018,1
12,2018-05-01,3400893875490,4477.0,486.0,5,1.0,15723.0,1859524.0,2627.0,22390.0,20736.666666666668,255490.0,837.0,209.0,8416.0,18,2018,1
8,2018-05-01,3400892697789,4477.0,486.0,5,1.0,15723.0,1859524.0,2627.0,12120.0,12720.0,255490.0,837.0,209.0,8416.0,18,2018,3
10,2018-05-01,3400891235203,4477.0,486.0,5,1.0,15723.0,1859524.0,2627.0,5700.0,6800.0,255490.0,837.0,209.0,8416.0,18,2018,2
4,2018-05-01,3400892088310,4477.0,486.0,5,1.0,15723.0,1859524.0,2627.0,5520.0,7336.666666666667,255490.0,837.0,209.0,8416.0,18,2018,0
7,2018-05-01,3400893736135,4477.0,486.0,5,1.0,15723.0,1859524.0,2627.0,5650.0,7806.666666666667,255490.0,837.0,209.0,8416.0,18,2018,1
5,2018-05-01,3400892075761,4477.0,486.0,5,1.0,15723.0,1859524.0,2627.0,10140.0,9710.0,255490.0,837.0,209.0,8416.0,18,2018,0
13,2018-05-01,3400892065366,4477.0,486.0,5,1.0,15723.0,1859524.0,2627.0,24240.0,22870.0,255490.0,837.0,209.0,8416.0,18,2018,0
6,2018-05-01,3400892745848,4477.0,486.0,5,2.0,15723.0,1859524.0,2627.0,13200.0,13680.0,255490.0,837.0,209.0,8416.0,18,2018,3
3,2018-05-01,3400892729589,4477.0,486.0,5,1.0,15723.0,1859524.0,2627.0,17490.0,19960.0,255490.0,837.0,209.0,8416.0,18,2018,3
14,2018-05-01,3400892761695,4477.0,486.0,5,1.0,15723.0,1859524.0,2627.0,7830.0,8070.0,255490.0,837.0,209.0,8416.0,18,2018,3
17,2018-05-01,3400892669236,4477.0,486.0,5,1.0,15723.0,1859524.0,2627.0,33030.0,29918.0,255490.0,837.0,209.0,8416.0,18,2018,3
1,2018-05-01,3400890837149,4477.0,486.0,5,2.0,15723.0,1859524.0,2627.0,20800.0,18433.33333333333,255490.0,837.0,209.0,8416.0,18,2018,4
16,2018-05-01,3400891191226,4477.0,486.0,5,1.0,15723.0,1859524.0,2627.0,10260.0,10253.333333333334,255490.0,837.0,209.0,8416.0,18,2018,2
9,2018-05-01,3400892203645,4477.0,486.0,5,2.0,15723.0,1859524.0,2627.0,10600.0,10650.0,255490.0,837.0,209.0,8416.0,18,2018,0
2,2018-05-01,3400893826706,4477.0,486.0,5,2.0,15723.0,1859524.0,2627.0,4000.0,5080.0,255490.0,837.0,209.0,8416.0,18,2018,1
11,2018-05-01,3400891225037,4477.0,486.0,5,2.0,15723.0,1859524.0,2627.0,26240.0,27986.666666666668,255490.0,837.0,209.0,8416.0,18,2018,2
14,2018-05-01,3400892761527,4477.0,486.0,5,1.0,15723.0,1859524.0,2627.0,4900.0,5433.333333333333,255490.0,837.0,209.0,8416.0,18,2018,3
18,2018-05-01,3400892508566,4477.0,486.0,5,1.0,15723.0,1859524.0,2627.0,7300.0,8266.666666666666,255490.0,837.0,209.0,8416.0,18,2018,3
3,2018-05-01,3400892052120,4477.0,486.0,5,1.0,15723.0,1859524.0,2627.0,8670.0,9430.0,255490.0,837.0,209.0,8416.0,18,2018,0
12,2018-05-01,3400891996128,4477.0,486.0,5,3.0,15723.0,1859524.0,2627.0,208100.0,200908.3333333333,255490.0,837.0,209.0,8416.0,18,2018,5
15,2018-05-01,3400893022634,4477.0,486.0,5,1.0,15723.0,1859524.0,2627.0,0.0,0.0,255490.0,837.0,209.0,8416.0,18,2018,6
3,2018-06-01,3400892729589,4477.0,486.0,6,1.0,15723.0,1859524.0,2627.0,15300.0,17490.0,255490.0,837.0,209.0,8416.0,22,2018,3
15,2018-06-01,3400893022634,4477.0,486.0,6,1.0,15723.0,1859524.0,2627.0,0.0,0.0,255490.0,837.0,209.0,8416.0,22,2018,6
1,2018-06-01,3400890837149,4477.0,486.0,6,2.0,15723.0,1859524.0,2627.0,18200.0,18033.33333333333,255490.0,837.0,209.0,8416.0,22,2018,4
13,2018-06-01,3400892065366,4477.0,486.0,6,2.0,15723.0,1859524.0,2627.0,16770.0,20290.0,255490.0,837.0,209.0,8416.0,22,2018,0
10,2018-06-01,3400891235203,4477.0,486.0,6,1.0,15723.0,1859524.0,2627.0,6600.0,6550.0,255490.0,837.0,209.0,8416.0,22,2018,2
14,2018-06-01,3400892761695,4477.0,486.0,6,1.0,15723.0,1859524.0,2627.0,8340.0,8073.333333333333,255490.0,837.0,209.0,8416.0,22,2018,3
6,2018-06-01,3400892745848,4477.0,486.0,6,1.0,15723.0,1859524.0,2627.0,8040.0,10480.0,255490.0,837.0,209.0,8416.0,22,2018,3
18,2018-06-01,3400892508566,4477.0,486.0,6,1.0,15723.0,1859524.0,2627.0,6100.0,7216.666666666667,255490.0,837.0,209.0,8416.0,22,2018,3
12,2018-06-01,3400891996128,4477.0,486.0,6,1.0,15723.0,1859524.0,2627.0,163300.0,190466.66666666663,255490.0,837.0,209.0,8416.0,22,2018,5
14,2018-06-01,3400892761527,4477.0,486.0,6,1.0,15723.0,1859524.0,2627.0,4500.0,4383.333333333333,255490.0,837.0,209.0,8416.0,22,2018,3
3,2018-06-01,3400892052120,4477.0,486.0,6,1.0,15723.0,1859524.0,2627.0,6720.0,8010.0,255490.0,837.0,209.0,8416.0,22,2018,0
12,2018-06-01,3400893875490,4477.0,486.0,6,1.0,15723.0,1859524.0,2627.0,21310.0,21773.33333333333,255490.0,837.0,209.0,8416.0,22,2018,1
5,2018-06-01,3400892075761,4477.0,486.0,6,1.0,15723.0,1859524.0,2627.0,7800.0,9290.0,255490.0,837.0,209.0,8416.0,22,2018,0
17,2018-06-01,3400892669236,4477.0,486.0,6,1.0,15723.0,1859524.0,2627.0,20610.0,25126.0,255490.0,837.0,209.0,8416.0,22,2018,3
11,2018-06-01,3400891225037,4477.0,486.0,6,1.5,15723.0,1859524.0,2627.0,24440.0,26000.0,255490.0,837.0,209.0,8416.0,22,2018,2
4,2018-06-01,3400892088310,4477.0,486.0,6,1.0,15723.0,1859524.0,2627.0,6080.0,6086.666666666667,255490.0,837.0,209.0,8416.0,22,2018,0
7,2018-06-01,3400893736135,4477.0,486.0,6,1.0,15723.0,1859524.0,2627.0,6950.0,6746.666666666667,255490.0,837.0,209.0,8416.0,22,2018,1
8,2018-06-01,3400892697789,4477.0,486.0,6,2.0,15723.0,1859524.0,2627.0,11580.0,12490.0,255490.0,837.0,209.0,8416.0,22,2018,3
16,2018-06-01,3400891191226,4477.0,486.0,6,2.0,15723.0,1859524.0,2627.0,6780.0,9133.333333333334,255490.0,837.0,209.0,8416.0,22,2018,2
9,2018-06-01,3400892203645,4477.0,486.0,6,1.0,15723.0,1859524.0,2627.0,8100.0,9350.0,255490.0,837.0,209.0,8416.0,22,2018,0
2,2018-06-01,3400893826706,4477.0,486.0,6,1.0,15723.0,1859524.0,2627.0,4550.0,4763.333333333333,255490.0,837.0,209.0,8416.0,22,2018,1
12,2018-07-01,3400891996128,4477.0,486.0,7,2.0,15723.0,1859524.0,2627.0,185800.0,185733.3333333333,255490.0,837.0,209.0,8416.0,26,2018,5
16,2018-07-01,3400891191226,4477.0,486.0,7,1.0,15723.0,1859524.0,2627.0,9380.0,8806.666666666666,255490.0,837.0,209.0,8416.0,26,2018,2
2,2018-07-01,3400893826706,4477.0,486.0,7,1.0,15723.0,1859524.0,2627.0,3850.0,4133.333333333333,255490.0,837.0,209.0,8416.0,26,2018,1
6,2018-07-01,3400892745848,4477.0,486.0,7,2.0,15723.0,1859524.0,2627.0,10320.0,10520.0,255490.0,837.0,209.0,8416.0,26,2018,3
3,2018-07-01,3400892052120,4477.0,486.0,7,1.0,15723.0,1859524.0,2627.0,7860.0,7750.0,255490.0,837.0,209.0,8416.0,26,2018,0
12,2018-07-01,3400893875490,4477.0,486.0,7,1.0,15723.0,1859524.0,2627.0,20520.0,21406.666666666668,255490.0,837.0,209.0,8416.0,26,2018,1
4,2018-07-01,3400892088310,4477.0,486.0,7,1.0,15723.0,1859524.0,2627.0,5950.0,5850.0,255490.0,837.0,209.0,8416.0,26,2018,0
17,2018-07-01,3400892669236,4477.0,486.0,7,1.0,15723.0,1859524.0,2627.0,24840.0,26160.0,255490.0,837.0,209.0,8416.0,26,2018,3
14,2018-07-01,3400892761695,4477.0,486.0,7,1.0,15723.0,1859524.0,2627.0,9360.0,8510.0,255490.0,837.0,209.0,8416.0,26,2018,3
10,2018-07-01,3400891235203,4477.0,486.0,7,1.0,15723.0,1859524.0,2627.0,4950.0,5750.0,255490.0,837.0,209.0,8416.0,26,2018,2
14,2018-07-01,3400892761527,4477.0,486.0,7,1.0,15723.0,1859524.0,2627.0,8600.0,6000.0,255490.0,837.0,209.0,8416.0,26,2018,3
18,2018-07-01,3400892508566,4477.0,486.0,7,1.0,15723.0,1859524.0,2627.0,5450.0,6283.333333333333,255490.0,837.0,209.0,8416.0,26,2018,3
13,2018-07-01,3400892065366,4477.0,486.0,7,1.0,15723.0,1859524.0,2627.0,17880.0,19630.0,255490.0,837.0,209.0,8416.0,26,2018,0
8,2018-07-01,3400892697789,4477.0,486.0,7,1.0,15723.0,1859524.0,2627.0,12750.0,12150.0,255490.0,837.0,209.0,8416.0,26,2018,3
11,2018-07-01,3400891225037,4477.0,486.0,7,1.0,15723.0,1859524.0,2627.0,22240.0,24306.666666666668,255490.0,837.0,209.0,8416.0,26,2018,2
1,2018-07-01,3400890837149,4477.0,486.0,7,1.0,15723.0,1859524.0,2627.0,18100.0,19033.33333333333,255490.0,837.0,209.0,8416.0,26,2018,4
7,2018-07-01,3400893736135,4477.0,486.0,7,1.0,15723.0,1859524.0,2627.0,8600.0,7066.666666666667,255490.0,837.0,209.0,8416.0,26,2018,1
5,2018-07-01,3400892075761,4477.0,486.0,7,1.0,15723.0,1859524.0,2627.0,8700.0,8880.0,255490.0,837.0,209.0,8416.0,26,2018,0
15,2018-07-01,3400893022634,4477.0,486.0,7,1.0,15723.0,1859524.0,2627.0,0.0,0.0,255490.0,837.0,209.0,8416.0,26,2018,6
9,2018-07-01,3400892203645,4477.0,486.0,7,1.0,15723.0,1859524.0,2627.0,10300.0,9666.666666666666,255490.0,837.0,209.0,8416.0,26,2018,0
3,2018-07-01,3400892729589,4477.0,486.0,7,2.0,15723.0,1859524.0,2627.0,11130.0,14640.0,255490.0,837.0,209.0,8416.0,26,2018,3
9,2018-08-01,3400892203645,4477.0,486.0,8,1.0,15723.0,1859524.0,2627.0,8300.0,8900.0,255490.0,837.0,209.0,8416.0,31,2018,0
12,2018-08-01,3400891996128,4477.0,486.0,8,1.0,15723.0,1859524.0,2627.0,173700.0,174266.66666666666,255490.0,837.0,209.0,8416.0,31,2018,5
1,2018-08-01,3400890837149,4477.0,486.0,8,1.0,15723.0,1859524.0,2627.0,12200.0,16166.666666666666,255490.0,837.0,209.0,8416.0,31,2018,4
16,2018-08-01,3400891191226,4477.0,486.0,8,1.0,15723.0,1859524.0,2627.0,9420.0,8526.666666666666,255490.0,837.0,209.0,8416.0,31,2018,2
18,2018-08-01,3400892508566,4477.0,486.0,8,1.0,15723.0,1859524.0,2627.0,7500.0,6350.0,255490.0,837.0,209.0,8416.0,31,2018,3
6,2018-08-01,3400892745848,4477.0,486.0,8,1.0,15723.0,1859524.0,2627.0,8220.0,8860.0,255490.0,837.0,209.0,8416.0,31,2018,3
5,2018-08-01,3400892075761,4477.0,486.0,8,1.0,15723.0,1859524.0,2627.0,7680.0,8060.0,255490.0,837.0,209.0,8416.0,31,2018,0
2,2018-08-01,3400893826706,4477.0,486.0,8,1.0,15723.0,1859524.0,2627.0,5100.0,4500.0,255490.0,837.0,209.0,8416.0,31,2018,1
3,2018-08-01,3400892052120,4477.0,486.0,8,1.0,15723.0,1859524.0,2627.0,4980.0,6520.0,255490.0,837.0,209.0,8416.0,31,2018,0
11,2018-08-01,3400891225037,4477.0,486.0,8,1.0,15723.0,1859524.0,2627.0,23000.0,23226.666666666668,255490.0,837.0,209.0,8416.0,31,2018,2
12,2018-08-01,3400893875490,4477.0,486.0,8,1.0,15723.0,1859524.0,2627.0,19270.0,20366.666666666668,255490.0,837.0,209.0,8416.0,31,2018,1
4,2018-08-01,3400892088310,4477.0,486.0,8,1.0,15723.0,1859524.0,2627.0,5570.0,5866.666666666667,255490.0,837.0,209.0,8416.0,31,2018,0
3,2018-08-01,3400892729589,4477.0,486.0,8,1.0,15723.0,1859524.0,2627.0,15300.0,13910.0,255490.0,837.0,209.0,8416.0,31,2018,3
13,2018-08-01,3400892065366,4477.0,486.0,8,1.0,15723.0,1859524.0,2627.0,20490.0,18380.0,255490.0,837.0,209.0,8416.0,31,2018,0
8,2018-08-01,3400892697789,4477.0,486.0,8,1.0,15723.0,1859524.0,2627.0,12270.0,12200.0,255490.0,837.0,209.0,8416.0,31,2018,3
14,2018-08-01,3400892761695,4477.0,486.0,8,1.0,15723.0,1859524.0,2627.0,6340.0,8013.333333333333,255490.0,837.0,209.0,8416.0,31,2018,3
17,2018-08-01,3400892669236,4477.0,486.0,8,1.0,15723.0,1859524.0,2627.0,22170.0,22540.0,255490.0,837.0,209.0,8416.0,31,2018,3
15,2018-08-01,3400893022634,4477.0,486.0,8,1.0,15723.0,1859524.0,2627.0,2170.0,723.3333333333334,255490.0,837.0,209.0,8416.0,31,2018,6
10,2018-08-01,3400891235203,4477.0,486.0,8,1.0,15723.0,1859524.0,2627.0,6000.0,5850.0,255490.0,837.0,209.0,8416.0,31,2018,2
7,2018-08-01,3400893736135,4477.0,486.0,8,2.0,15723.0,1859524.0,2627.0,6570.0,7373.333333333333,255490.0,837.0,209.0,8416.0,31,2018,1
14,2018-08-01,3400892761527,4477.0,486.0,8,1.0,15723.0,1859524.0,2627.0,5700.0,6266.666666666667,255490.0,837.0,209.0,8416.0,31,2018,3
16,2018-09-01,3400891191226,4477.0,486.0,9,1.0,15723.0,1859524.0,2627.0,7300.0,8700.0,255490.0,837.0,209.0,8416.0,35,2018,2
1,2018-09-01,3400890837149,4477.0,486.0,9,1.0,15723.0,1859524.0,2627.0,19300.0,16533.333333333332,255490.0,837.0,209.0,8416.0,35,2018,4
2,2018-09-01,3400893826706,4477.0,486.0,9,1.0,15723.0,1859524.0,2627.0,3000.0,3983.3333333333335,255490.0,837.0,209.0,8416.0,35,2018,1
7,2018-09-01,3400893736135,4477.0,486.0,9,1.0,15723.0,1859524.0,2627.0,6920.0,7363.333333333333,255490.0,837.0,209.0,8416.0,35,2018,1
12,2018-09-01,3400893875490,4477.0,486.0,9,1.0,15723.0,1859524.0,2627.0,14550.0,18113.33333333333,255490.0,837.0,209.0,8416.0,35,2018,1
11,2018-09-01,3400891225037,4477.0,486.0,9,1.0,15723.0,1859524.0,2627.0,25320.0,23520.0,255490.0,837.0,209.0,8416.0,35,2018,2
14,2018-09-01,3400892761695,4477.0,486.0,9,1.0,15723.0,1859524.0,2627.0,7560.0,7753.333333333333,255490.0,837.0,209.0,8416.0,35,2018,3
10,2018-09-01,3400891235203,4477.0,486.0,9,1.0,15723.0,1859524.0,2627.0,5400.0,5450.0,255490.0,837.0,209.0,8416.0,35,2018,2
12,2018-09-01,3400891996128,4477.0,486.0,9,1.0,15723.0,1859524.0,2627.0,175400.0,178300.0,255490.0,837.0,209.0,8416.0,35,2018,5
15,2018-09-01,3400893022634,4477.0,486.0,9,1.0,15723.0,1859524.0,2627.0,1420.0,1196.6666666666667,255490.0,837.0,209.0,8416.0,35,2018,6
14,2018-09-01,3400892761527,4477.0,486.0,9,1.0,15723.0,1859524.0,2627.0,5500.0,6600.0,255490.0,837.0,209.0,8416.0,35,2018,3
8,2018-09-01,3400892697789,4477.0,486.0,9,2.0,15723.0,1859524.0,2627.0,10170.0,11730.0,255490.0,837.0,209.0,8416.0,35,2018,3
9,2018-09-01,3400892203645,4477.0,486.0,9,1.0,15723.0,1859524.0,2627.0,8600.0,9066.666666666666,255490.0,837.0,209.0,8416.0,35,2018,0
3,2018-09-01,3400892052120,4477.0,486.0,9,1.0,15723.0,1859524.0,2627.0,8040.0,6960.0,255490.0,837.0,209.0,8416.0,35,2018,0
3,2018-09-01,3400892729589,4477.0,486.0,9,1.0,15723.0,1859524.0,2627.0,9870.0,12100.0,255490.0,837.0,209.0,8416.0,35,2018,3
4,2018-09-01,3400892088310,4477.0,486.0,9,1.0,15723.0,1859524.0,2627.0,4940.0,5486.666666666667,255490.0,837.0,209.0,8416.0,35,2018,0
17,2018-09-01,3400892669236,4477.0,486.0,9,1.0,15723.0,1859524.0,2627.0,23364.0,23458.0,255490.0,837.0,209.0,8416.0,35,2018,3
18,2018-09-01,3400892508566,4477.0,486.0,9,1.0,15723.0,1859524.0,2627.0,6100.0,6350.0,255490.0,837.0,209.0,8416.0,35,2018,3
5,2018-09-01,3400892075761,4477.0,486.0,9,1.0,15723.0,1859524.0,2627.0,7500.0,7960.0,255490.0,837.0,209.0,8416.0,35,2018,0
6,2018-09-01,3400892745848,4477.0,486.0,9,1.0,15723.0,1859524.0,2627.0,10200.0,9580.0,255490.0,837.0,209.0,8416.0,35,2018,3
13,2018-09-01,3400892065366,4477.0,486.0,9,1.0,15723.0,1859524.0,2627.0,16770.0,18380.0,255490.0,837.0,209.0,8416.0,35,2018,0
6,2018-10-01,3400892745848,4477.0,486.0,10,1.0,15723.0,1859524.0,2627.0,11760.0,10060.0,255490.0,837.0,209.0,8416.0,40,2018,3
3,2018-10-01,3400892052120,4477.0,486.0,10,1.0,15723.0,1859524.0,2627.0,8160.0,7060.0,255490.0,837.0,209.0,8416.0,40,2018,0
4,2018-10-01,3400892088310,4477.0,486.0,10,1.0,15723.0,1859524.0,2627.0,6220.0,5576.666666666667,255490.0,837.0,209.0,8416.0,40,2018,0
14,2018-10-01,3400892761695,4477.0,486.0,10,1.0,15723.0,1859524.0,2627.0,10450.0,8116.666666666667,255490.0,837.0,209.0,8416.0,40,2018,3
7,2018-10-01,3400893736135,4477.0,486.0,10,1.0,15723.0,1859524.0,2627.0,8760.0,7416.666666666667,255490.0,837.0,209.0,8416.0,40,2018,1
17,2018-10-01,3400892669236,4477.0,486.0,10,1.0,15723.0,1859524.0,2627.0,26982.0,24172.0,255490.0,837.0,209.0,8416.0,40,2018,3
10,2018-10-01,3400891235203,4477.0,486.0,10,1.0,15723.0,1859524.0,2627.0,6150.0,5850.0,255490.0,837.0,209.0,8416.0,40,2018,2
2,2018-10-01,3400893826706,4477.0,486.0,10,1.0,15723.0,1859524.0,2627.0,7000.0,5033.333333333333,255490.0,837.0,209.0,8416.0,40,2018,1
13,2018-10-01,3400892065366,4477.0,486.0,10,1.0,15723.0,1859524.0,2627.0,18510.0,18590.0,255490.0,837.0,209.0,8416.0,40,2018,0
16,2018-10-01,3400891191226,4477.0,486.0,10,1.0,15723.0,1859524.0,2627.0,9060.0,8593.333333333334,255490.0,837.0,209.0,8416.0,40,2018,2
18,2018-10-01,3400892508566,4477.0,486.0,10,1.0,15723.0,1859524.0,2627.0,7750.0,7116.666666666667,255490.0,837.0,209.0,8416.0,40,2018,3
3,2018-10-01,3400892729589,4477.0,486.0,10,1.0,15723.0,1859524.0,2627.0,21450.0,15540.0,255490.0,837.0,209.0,8416.0,40,2018,3
12,2018-10-01,3400891996128,4477.0,486.0,10,2.0,15723.0,1859524.0,2627.0,261300.0,203466.66666666663,255490.0,837.0,209.0,8416.0,40,2018,5
1,2018-10-01,3400890837149,4477.0,486.0,10,1.0,15723.0,1859524.0,2627.0,19700.0,17066.666666666668,255490.0,837.0,209.0,8416.0,40,2018,4
9,2018-10-01,3400892203645,4477.0,486.0,10,1.0,15723.0,1859524.0,2627.0,11000.0,9300.0,255490.0,837.0,209.0,8416.0,40,2018,0
5,2018-10-01,3400892075761,4477.0,486.0,10,1.0,15723.0,1859524.0,2627.0,7950.0,7710.0,255490.0,837.0,209.0,8416.0,40,2018,0
15,2018-10-01,3400893022634,4477.0,486.0,10,1.0,15723.0,1859524.0,2627.0,1800.0,1796.6666666666667,255490.0,837.0,209.0,8416.0,40,2018,6
8,2018-10-01,3400892697789,4477.0,486.0,10,1.0,15723.0,1859524.0,2627.0,12060.0,11500.0,255490.0,837.0,209.0,8416.0,40,2018,3
11,2018-10-01,3400891225037,4477.0,486.0,10,2.0,15723.0,1859524.0,2627.0,24160.0,24160.0,255490.0,837.0,209.0,8416.0,40,2018,2
14,2018-10-01,3400892761527,4477.0,486.0,10,1.0,15723.0,1859524.0,2627.0,6350.0,5850.0,255490.0,837.0,209.0,8416.0,40,2018,3
12,2018-10-01,3400893875490,4477.0,486.0,10,2.0,15723.0,1859524.0,2627.0,23380.0,19066.666666666668,255490.0,837.0,209.0,8416.0,40,2018,1
10,2018-11-01,3400891235203,4477.0,486.0,11,1.0,15723.0,1859524.0,2627.0,3750.0,5100.0,255490.0,837.0,209.0,8416.0,44,2018,2
7,2018-11-01,3400893736135,4477.0,486.0,11,1.0,15723.0,1859524.0,2627.0,7910.0,7863.333333333333,255490.0,837.0,209.0,8416.0,44,2018,1
16,2018-11-01,3400891191226,4477.0,486.0,11,2.0,15723.0,1859524.0,2627.0,8260.0,8206.666666666666,255490.0,837.0,209.0,8416.0,44,2018,2
15,2018-11-01,3400893022634,4477.0,486.0,11,1.0,15723.0,1859524.0,2627.0,2300.0,1840.0,255490.0,837.0,209.0,8416.0,44,2018,6
5,2018-11-01,3400892075761,4477.0,486.0,11,1.0,15723.0,1859524.0,2627.0,8880.0,8110.0,255490.0,837.0,209.0,8416.0,44,2018,0
8,2018-11-01,3400892697789,4477.0,486.0,11,2.0,15723.0,1859524.0,2627.0,12300.0,11510.0,255490.0,837.0,209.0,8416.0,44,2018,3
3,2018-11-01,3400892729589,4477.0,486.0,11,2.0,15723.0,1859524.0,2627.0,19560.0,16960.0,255490.0,837.0,209.0,8416.0,44,2018,3
14,2018-11-01,3400892761695,4477.0,486.0,11,1.0,15723.0,1859524.0,2627.0,7480.0,8496.666666666666,255490.0,837.0,209.0,8416.0,44,2018,3
1,2018-11-01,3400890837149,4477.0,486.0,11,2.0,15723.0,1859524.0,2627.0,15800.0,18266.666666666668,255490.0,837.0,209.0,8416.0,44,2018,4
3,2018-11-01,3400892052120,4477.0,486.0,11,1.0,15723.0,1859524.0,2627.0,5610.0,7270.0,255490.0,837.0,209.0,8416.0,44,2018,0
17,2018-11-01,3400892669236,4477.0,486.0,11,1.0,15723.0,1859524.0,2627.0,20610.0,23652.0,255490.0,837.0,209.0,8416.0,44,2018,3
11,2018-11-01,3400891225037,4477.0,486.0,11,2.0,15723.0,1859524.0,2627.0,21480.0,23653.33333333333,255490.0,837.0,209.0,8416.0,44,2018,2
13,2018-11-01,3400892065366,4477.0,486.0,11,2.0,15723.0,1859524.0,2627.0,17640.0,17640.0,255490.0,837.0,209.0,8416.0,44,2018,0
6,2018-11-01,3400892745848,4477.0,486.0,11,1.0,15723.0,1859524.0,2627.0,9840.0,10600.0,255490.0,837.0,209.0,8416.0,44,2018,3
2,2018-11-01,3400893826706,4477.0,486.0,11,2.0,15723.0,1859524.0,2627.0,4100.0,4700.0,255490.0,837.0,209.0,8416.0,44,2018,1
12,2018-11-01,3400893875490,4477.0,486.0,11,1.0,15723.0,1859524.0,2627.0,21310.0,19746.666666666668,255490.0,837.0,209.0,8416.0,44,2018,1
14,2018-11-01,3400892761527,4477.0,486.0,11,1.0,15723.0,1859524.0,2627.0,6500.0,6116.666666666667,255490.0,837.0,209.0,8416.0,44,2018,3
4,2018-11-01,3400892088310,4477.0,486.0,11,1.5,15723.0,1859524.0,2627.0,8930.0,6696.666666666667,255490.0,837.0,209.0,8416.0,44,2018,0
12,2018-11-01,3400891996128,4477.0,486.0,11,2.0,15723.0,1859524.0,2627.0,222400.0,219700.0,255490.0,837.0,209.0,8416.0,44,2018,5
9,2018-11-01,3400892203645,4477.0,486.0,11,2.0,15723.0,1859524.0,2627.0,9550.0,9716.666666666666,255490.0,837.0,209.0,8416.0,44,2018,0
18,2018-11-01,3400892508566,4477.0,486.0,11,1.0,15723.0,1859524.0,2627.0,7050.0,6966.666666666667,255490.0,837.0,209.0,8416.0,44,2018,3
12,2018-12-01,3400893875490,4477.0,486.0,12,1.0,15723.0,1859524.0,2627.0,20570.0,21753.33333333333,255490.0,837.0,209.0,8416.0,48,2018,1
8,2018-12-01,3400892697789,4477.0,486.0,12,2.0,15723.0,1859524.0,2627.0,9780.0,11380.0,255490.0,837.0,209.0,8416.0,48,2018,3
16,2018-12-01,3400891191226,4477.0,486.0,12,1.0,15723.0,1859524.0,2627.0,8120.0,8480.0,255490.0,837.0,209.0,8416.0,48,2018,2
9,2018-12-01,3400892203645,4477.0,486.0,12,1.0,15723.0,1859524.0,2627.0,8600.0,9716.666666666666,255490.0,837.0,209.0,8416.0,48,2018,0
1,2018-12-01,3400890837149,4477.0,486.0,12,1.0,15723.0,1859524.0,2627.0,16400.0,17300.0,255490.0,837.0,209.0,8416.0,48,2018,4
2,2018-12-01,3400893826706,4477.0,486.0,12,2.0,15723.0,1859524.0,2627.0,6100.0,5733.333333333333,255490.0,837.0,209.0,8416.0,48,2018,1
7,2018-12-01,3400893736135,4477.0,486.0,12,1.0,15723.0,1859524.0,2627.0,7180.0,7950.0,255490.0,837.0,209.0,8416.0,48,2018,1
17,2018-12-01,3400892669236,4477.0,486.0,12,1.0,15723.0,1859524.0,2627.0,19374.0,22322.0,255490.0,837.0,209.0,8416.0,48,2018,3
4,2018-12-01,3400892088310,4477.0,486.0,12,2.0,15723.0,1859524.0,2627.0,7180.0,7443.333333333333,255490.0,837.0,209.0,8416.0,48,2018,0
18,2018-12-01,3400892508566,4477.0,486.0,12,1.0,15723.0,1859524.0,2627.0,7300.0,7366.666666666667,255490.0,837.0,209.0,8416.0,48,2018,3
11,2018-12-01,3400891225037,4477.0,486.0,12,2.0,15723.0,1859524.0,2627.0,26280.0,23973.33333333333,255490.0,837.0,209.0,8416.0,48,2018,2
5,2018-12-01,3400892075761,4477.0,486.0,12,1.0,15723.0,1859524.0,2627.0,9450.0,8760.0,255490.0,837.0,209.0,8416.0,48,2018,0
14,2018-12-01,3400892761695,4477.0,486.0,12,1.0,15723.0,1859524.0,2627.0,9220.0,9050.0,255490.0,837.0,209.0,8416.0,48,2018,3
13,2018-12-01,3400892065366,4477.0,486.0,12,1.0,15723.0,1859524.0,2627.0,18480.0,18210.0,255490.0,837.0,209.0,8416.0,48,2018,0
3,2018-12-01,3400892052120,4477.0,486.0,12,1.0,15723.0,1859524.0,2627.0,7140.0,6970.0,255490.0,837.0,209.0,8416.0,48,2018,0
12,2018-12-01,3400891996128,4477.0,486.0,12,2.0,15723.0,1859524.0,2627.0,221800.0,235166.66666666663,255490.0,837.0,209.0,8416.0,48,2018,5
6,2018-12-01,3400892745848,4477.0,486.0,12,1.0,15723.0,1859524.0,2627.0,13080.0,11560.0,255490.0,837.0,209.0,8416.0,48,2018,3
14,2018-12-01,3400892761527,4477.0,486.0,12,1.0,15723.0,1859524.0,2627.0,7500.0,6783.333333333333,255490.0,837.0,209.0,8416.0,48,2018,3
10,2018-12-01,3400891235203,4477.0,486.0,12,1.0,15723.0,1859524.0,2627.0,4650.0,4850.0,255490.0,837.0,209.0,8416.0,48,2018,2
3,2018-12-01,3400892729589,4477.0,486.0,12,1.0,15723.0,1859524.0,2627.0,19200.0,20070.0,255490.0,837.0,209.0,8416.0,48,2018,3
15,2018-12-01,3400893022634,4477.0,486.0,12,1.0,15723.0,1859524.0,2627.0,3040.0,2380.0,255490.0,837.0,209.0,8416.0,48,2018,6
16,2019-01-01,3400891191226,4530.0,514.0,1,1.0,15774.0,1871364.0,2639.0,10080.0,8820.0,263011.0,770.0,172.0,8031.0,1,2019,2
4,2019-01-01,3400892088310,4530.0,514.0,1,1.0,15774.0,1871364.0,2639.0,5280.0,7130.0,263011.0,770.0,172.0,8031.0,1,2019,0
1,2019-01-01,3400890837149,4530.0,514.0,1,1.0,15774.0,1871364.0,2639.0,17200.0,16466.666666666668,263011.0,770.0,172.0,8031.0,1,2019,4
12,2019-01-01,3400891996128,4530.0,514.0,1,2.0,15774.0,1871364.0,2639.0,230300.0,224833.3333333333,263011.0,770.0,172.0,8031.0,1,2019,5
2,2019-01-01,3400893826706,4530.0,514.0,1,1.0,15774.0,1871364.0,2639.0,4450.0,4883.333333333333,263011.0,770.0,172.0,8031.0,1,2019,1
6,2019-01-01,3400892745848,4530.0,514.0,1,1.0,15774.0,1871364.0,2639.0,11760.0,11560.0,263011.0,770.0,172.0,8031.0,1,2019,3
11,2019-01-01,3400891225037,4530.0,514.0,1,1.0,15774.0,1871364.0,2639.0,28040.0,25266.666666666668,263011.0,770.0,172.0,8031.0,1,2019,2
10,2019-01-01,3400891235203,4530.0,514.0,1,1.0,15774.0,1871364.0,2639.0,5700.0,4700.0,263011.0,770.0,172.0,8031.0,1,2019,2
14,2019-01-01,3400892761695,4530.0,514.0,1,1.0,15774.0,1871364.0,2639.0,7970.0,8223.333333333334,263011.0,770.0,172.0,8031.0,1,2019,3
17,2019-01-01,3400892669236,4530.0,514.0,1,1.0,15774.0,1871364.0,2639.0,26626.0,22203.33333333333,263011.0,770.0,172.0,8031.0,1,2019,3
9,2019-01-01,3400892203645,4530.0,514.0,1,2.0,15774.0,1871364.0,2639.0,10550.0,9566.666666666666,263011.0,770.0,172.0,8031.0,1,2019,0
12,2019-01-01,3400893875490,4530.0,514.0,1,1.0,15774.0,1871364.0,2639.0,26750.0,22876.666666666668,263011.0,770.0,172.0,8031.0,1,2019,1
3,2019-01-01,3400892052120,4530.0,514.0,1,1.0,15774.0,1871364.0,2639.0,6240.0,6330.0,263011.0,770.0,172.0,8031.0,1,2019,0
5,2019-01-01,3400892075761,4530.0,514.0,1,1.0,15774.0,1871364.0,2639.0,10170.0,9500.0,263011.0,770.0,172.0,8031.0,1,2019,0
14,2019-01-01,3400892761527,4530.0,514.0,1,1.0,15774.0,1871364.0,2639.0,6300.0,6766.666666666667,263011.0,770.0,172.0,8031.0,1,2019,3
13,2019-01-01,3400892065366,4530.0,514.0,1,1.0,15774.0,1871364.0,2639.0,23640.0,19920.0,263011.0,770.0,172.0,8031.0,1,2019,0
8,2019-01-01,3400892697789,4530.0,514.0,1,1.0,15774.0,1871364.0,2639.0,10890.0,10990.0,263011.0,770.0,172.0,8031.0,1,2019,3
7,2019-01-01,3400893736135,4530.0,514.0,1,1.0,15774.0,1871364.0,2639.0,5640.0,6910.0,263011.0,770.0,172.0,8031.0,1,2019,1
3,2019-01-01,3400892729589,4530.0,514.0,1,1.0,15774.0,1871364.0,2639.0,16740.0,18500.0,263011.0,770.0,172.0,8031.0,1,2019,3
18,2019-01-01,3400892508566,4530.0,514.0,1,1.0,15774.0,1871364.0,2639.0,7650.0,7333.333333333333,263011.0,770.0,172.0,8031.0,1,2019,3
15,2019-01-01,3400893022634,4530.0,514.0,1,1.0,15774.0,1871364.0,2639.0,2920.0,2753.333333333333,263011.0,770.0,172.0,8031.0,1,2019,6
2,2019-02-01,3400893826706,4530.0,514.0,2,1.0,15774.0,1871364.0,2639.0,6450.0,5666.666666666667,263011.0,770.0,172.0,8031.0,5,2019,1
14,2019-02-01,3400892761527,4530.0,514.0,2,1.0,15774.0,1871364.0,2639.0,6350.0,6716.666666666667,263011.0,770.0,172.0,8031.0,5,2019,3
3,2019-02-01,3400892052120,4530.0,514.0,2,1.0,15774.0,1871364.0,2639.0,7080.0,6820.0,263011.0,770.0,172.0,8031.0,5,2019,0
6,2019-02-01,3400892745848,4530.0,514.0,2,1.5,15774.0,1871364.0,2639.0,8889.0,11243.0,263011.0,770.0,172.0,8031.0,5,2019,3
12,2019-02-01,3400893875490,4530.0,514.0,2,2.0,15774.0,1871364.0,2639.0,21010.0,22776.666666666668,263011.0,770.0,172.0,8031.0,5,2019,1
18,2019-02-01,3400892508566,4530.0,514.0,2,2.0,15774.0,1871364.0,2639.0,5500.0,6816.666666666667,263011.0,770.0,172.0,8031.0,5,2019,3
9,2019-02-01,3400892203645,4530.0,514.0,2,1.0,15774.0,1871364.0,2639.0,7250.0,8800.0,263011.0,770.0,172.0,8031.0,5,2019,0
12,2019-02-01,3400891996128,4530.0,514.0,2,1.0,15774.0,1871364.0,2639.0,184600.0,212233.3333333333,263011.0,770.0,172.0,8031.0,5,2019,5
1,2019-02-01,3400890837149,4530.0,514.0,2,1.0,15774.0,1871364.0,2639.0,17100.0,16900.0,263011.0,770.0,172.0,8031.0,5,2019,4
11,2019-02-01,3400891225037,4530.0,514.0,2,2.0,15774.0,1871364.0,2639.0,23160.0,25826.666666666668,263011.0,770.0,172.0,8031.0,5,2019,2
17,2019-02-01,3400892669236,4530.0,514.0,2,1.0,15774.0,1871364.0,2639.0,14688.0,20229.33333333333,263011.0,770.0,172.0,8031.0,5,2019,3
14,2019-02-01,3400892761695,4530.0,514.0,2,1.0,15774.0,1871364.0,2639.0,10780.0,9323.333333333334,263011.0,770.0,172.0,8031.0,5,2019,3
7,2019-02-01,3400893736135,4530.0,514.0,2,1.0,15774.0,1871364.0,2639.0,7970.0,6930.0,263011.0,770.0,172.0,8031.0,5,2019,1
3,2019-02-01,3400892729589,4530.0,514.0,2,1.0,15774.0,1871364.0,2639.0,16050.0,17330.0,263011.0,770.0,172.0,8031.0,5,2019,3
16,2019-02-01,3400891191226,4530.0,514.0,2,1.0,15774.0,1871364.0,2639.0,8140.0,8780.0,263011.0,770.0,172.0,8031.0,5,2019,2
10,2019-02-01,3400891235203,4530.0,514.0,2,1.0,15774.0,1871364.0,2639.0,6000.0,5450.0,263011.0,770.0,172.0,8031.0,5,2019,2
13,2019-02-01,3400892065366,4530.0,514.0,2,2.0,15774.0,1871364.0,2639.0,19830.0,20650.0,263011.0,770.0,172.0,8031.0,5,2019,0
8,2019-02-01,3400892697789,4530.0,514.0,2,1.0,15774.0,1871364.0,2639.0,12270.0,10980.0,263011.0,770.0,172.0,8031.0,5,2019,3
5,2019-02-01,3400892075761,4530.0,514.0,2,1.0,15774.0,1871364.0,2639.0,6090.0,8570.0,263011.0,770.0,172.0,8031.0,5,2019,0
4,2019-02-01,3400892088310,4530.0,514.0,2,1.0,15774.0,1871364.0,2639.0,8290.0,6916.666666666667,263011.0,770.0,172.0,8031.0,5,2019,0
15,2019-02-01,3400893022634,4530.0,514.0,2,1.0,15774.0,1871364.0,2639.0,0.0,1986.6666666666667,263011.0,770.0,172.0,8031.0,5,2019,6
5,2019-03-01,3400892075761,4530.0,514.0,3,1.0,15774.0,1871364.0,2639.0,8970.0,8410.0,263011.0,770.0,172.0,8031.0,9,2019,0
14,2019-03-01,3400892761527,4530.0,514.0,3,1.0,15774.0,1871364.0,2639.0,6350.0,6333.333333333333,263011.0,770.0,172.0,8031.0,9,2019,3
3,2019-03-01,3400892729589,4530.0,514.0,3,1.0,15774.0,1871364.0,2639.0,17490.0,16760.0,263011.0,770.0,172.0,8031.0,9,2019,3
15,2019-03-01,3400893022634,4530.0,514.0,3,3.0,15774.0,1871364.0,2639.0,1160.0,1360.0,263011.0,770.0,172.0,8031.0,9,2019,6
11,2019-03-01,3400891225037,4530.0,514.0,3,1.0,15774.0,1871364.0,2639.0,25400.0,25533.33333333333,263011.0,770.0,172.0,8031.0,9,2019,2
8,2019-03-01,3400892697789,4530.0,514.0,3,2.0,15774.0,1871364.0,2639.0,12270.0,11810.0,263011.0,770.0,172.0,8031.0,9,2019,3
18,2019-03-01,3400892508566,4530.0,514.0,3,1.0,15774.0,1871364.0,2639.0,7050.0,6733.333333333333,263011.0,770.0,172.0,8031.0,9,2019,3
12,2019-03-01,3400891996128,4530.0,514.0,3,2.0,15774.0,1871364.0,2639.0,200400.0,205100.0,263011.0,770.0,172.0,8031.0,9,2019,5
13,2019-03-01,3400892065366,4530.0,514.0,3,1.0,15774.0,1871364.0,2639.0,19500.0,20990.0,263011.0,770.0,172.0,8031.0,9,2019,0
7,2019-03-01,3400893736135,4530.0,514.0,3,1.0,15774.0,1871364.0,2639.0,7180.0,6930.0,263011.0,770.0,172.0,8031.0,9,2019,1
16,2019-03-01,3400891191226,4530.0,514.0,3,2.0,15774.0,1871364.0,2639.0,9060.0,9093.333333333334,263011.0,770.0,172.0,8031.0,9,2019,2
3,2019-03-01,3400892052120,4530.0,514.0,3,1.0,15774.0,1871364.0,2639.0,8070.0,7130.0,263011.0,770.0,172.0,8031.0,9,2019,0
10,2019-03-01,3400891235203,4530.0,514.0,3,1.0,15774.0,1871364.0,2639.0,5700.0,5800.0,263011.0,770.0,172.0,8031.0,9,2019,2
1,2019-03-01,3400890837149,4530.0,514.0,3,1.0,15774.0,1871364.0,2639.0,17100.0,17133.333333333332,263011.0,770.0,172.0,8031.0,9,2019,4
2,2019-03-01,3400893826706,4530.0,514.0,3,1.0,15774.0,1871364.0,2639.0,5100.0,5333.333333333333,263011.0,770.0,172.0,8031.0,9,2019,1
14,2019-03-01,3400892761695,4530.0,514.0,3,1.0,15774.0,1871364.0,2639.0,8340.0,9030.0,263011.0,770.0,172.0,8031.0,9,2019,3
6,2019-03-01,3400892745848,4530.0,514.0,3,1.0,15774.0,1871364.0,2639.0,11760.0,10803.0,263011.0,770.0,172.0,8031.0,9,2019,3
4,2019-03-01,3400892088310,4530.0,514.0,3,3.0,15774.0,1871364.0,2639.0,2040.0,5203.333333333333,263011.0,770.0,172.0,8031.0,9,2019,0
17,2019-03-01,3400892669236,4530.0,514.0,3,2.0,15774.0,1871364.0,2639.0,24932.0,22082.0,263011.0,770.0,172.0,8031.0,9,2019,3
9,2019-03-01,3400892203645,4530.0,514.0,3,1.0,15774.0,1871364.0,2639.0,9550.0,9116.666666666666,263011.0,770.0,172.0,8031.0,9,2019,0
12,2019-03-01,3400893875490,4530.0,514.0,3,1.0,15774.0,1871364.0,2639.0,21310.0,23023.33333333333,263011.0,770.0,172.0,8031.0,9,2019,1
